magnitude,ra_degrees,dec_degrees,parallax_mas,ra_mas_per_year,dec_mas_per_year,ra_hours,epoch_year,name,alt,az,distance,x,y
2.07,2.09653333,29.09082805,33.6,135.68,-162.95,0.13976888866666667,1991.25,Sirrah,67.53347666101608,225.000526886265,6.13883e+06 au,-0.23760482476578326,0.8302261395841594
2.28,2.29204036,59.15021814,59.89,523.39,-180.42,0.15280269066666669,1991.25,Caph,73.6239605097866,326.3062143249512,3.44406e+06 au,-0.09765491350599655,0.47593631223143423
3.88,2.35224949,-45.74698836,23.28,122.15,-180.13,0.15681663266666668,1991.25,HIP765,-3.699935135260336,192.36571283906218,8.86017e+06 au,-2.4009054337455744,3.953669370376514
2.83,3.30895828,15.18361593,9.79,4.7,-8.24,0.22059721866666668,1991.25,HIP1067,55.56795819058405,209.5872649006285,2.10689e+07 au,-0.3113992759024952,1.0573389175241659
3.56,4.85701265,-8.82382948,11.26,-14.37,-37.84,0.3238008433333333,1991.25,HIP1562,32.89015370939517,198.07511021410394,1.83184e+07 au,-0.5182652128550984,1.6381825331947215
2.82,6.41334183,-77.25503511,133.78,2220.12,324.37,0.42755612200000004,1991.25,HIP2021,-34.19005395969306,183.66179531096935,1.54182e+06 au,-3.6517611831983987,-11.181050543933644
3.93,6.55048418,-43.67990933,42.51,106.14,32.83,0.4366989453333333,1991.25,HIP2072,-1.115052533647837,189.81508079152442,4.85215e+06 au,-1.7310651176879277,4.027638590117728
2.4,6.57028075,-42.30512197,42.14,232.76,-353.64,0.4380187166666667,1991.25,Ankaa,0.24083053827561499,190.01975147797887,4.89475e+06 au,-1.5993010832114116,3.8389514181881843
3.69,9.24277921,53.89693161,5.46,17.77,-9.15,0.6161852806666667,1991.25,HIP2920,79.98539268977905,320.4487487252647,3.77774e+07 au,-0.07314992218922868,0.5434209914060645
3.27,9.83165567,30.86122579,32.19,115.38,-83.05,0.6554437113333333,1991.25,HIP3092,72.34291043520379,210.32227927388868,6.40773e+06 au,-0.13315589278477977,0.8356992928639199
2.24,10.12661349,56.53740928,14.27,50.36,-32.17,0.675107566,1991.25,Schedar,78.3532535864031,331.86585924448076,1.44544e+07 au,-0.06150826220484566,0.515619188769034
2.04,10.89678452,-17.9866841,34.04,232.79,32.71,0.7264523013333334,1991.25,Diphda,24.83874736487348,189.70142426672487,6.05948e+06 au,-0.4211636077098712,2.067452627335028
3.46,12.27125262,57.8165477,167.99,1087.11,-559.65,0.8180835080000001,1991.25,HIP3821,77.86908740438841,339.9432725883167,1.22784e+06 au,-0.04632185189534387,0.504067197225044
2.15,14.17708808,60.71674966,5.32,25.65,-3.82,0.9451392053333334,1991.25,Tsih,75.5084760216528,348.4487174804306,3.87716e+07 au,-0.031706897462396355,0.474316168694324
3.86,14.18790699,38.49925513,23.93,152.78,36.82,0.945860466,1991.25,HIP4436,80.77812487651293,210.1906167684393,8.61951e+06 au,-0.06394781838374422,0.7378130026324383
3.32,16.52127713,-46.71849042,16.46,-70.16,31.6,1.1014184753333334,1991.25,HIP5165,-3.4161845263300887,182.51714677911482,1.25313e+07 au,-0.627642435629618,5.173879489062867
3.94,17.0960837,-55.24583235,11.66,21.17,29.7,1.1397389133333333,1991.25,HIP5348,-11.922518060991976,181.8107111850121,1.76899e+07 au,-1.1874806881714586,8.56569461031702
3.46,17.14693197,-10.181928,27.73,215.81,-138.33,1.143128798,1991.25,HIP5364,33.111479322800115,183.52016012317142,7.43833e+06 au,-0.11244330411201593,1.79272842999933
2.07,17.43248991,35.62083048,16.36,175.59,-112.23,1.162165994,1991.25,Mirach,78.80019127988388,191.2389972947565,1.26079e+07 au,-0.0321277950532965,0.7806355472050723
3.6,21.00604671,-8.18275372,28.48,-78.38,-206.88,1.400403114,1991.25,HIP6537,35.16472876632528,178.9550818832405,7.24244e+06 au,0.02602920709365093,1.7257435714014953
2.66,21.45251267,60.23540347,32.81,297.24,-49.49,1.4301675113333334,1991.25,HIP6686,76.38124333916072,2.951020755242998,6.28664e+06 au,0.006457178735632911,0.4812666262261932
3.41,22.0914236,-43.31772906,13.94,-18.21,-207.71,1.4727615733333332,1991.25,HIP6867,0.016991779917003843,178.61013826952066,1.47966e+07 au,0.24864966607250696,4.493196368584027
3.93,22.81242306,-49.07307701,22.15,138.22,154.2,1.520828204,1991.25,HIP7083,-5.746887822226257,178.27302630906746,9.31218e+06 au,0.5204635523041787,5.84918996210876
3.62,22.87080776,15.34583101,11.09,25.73,-3.29,1.5247205173333334,1991.25,HIP7097,58.61676918652364,174.90629980521294,1.85992e+07 au,0.049550201307546345,1.1148782185804007
0.45,24.42813204,-57.23666007,22.68,88.02,-40.08,1.628542136,1991.25,Achernar,-13.94603121869756,177.64910067454355,9.09457e+06 au,2.043641063888589,9.919620745737257
3.59,24.49792651,48.62848641,18.76,60.9,-112.42,1.6331951006666665,1991.25,HIP7607,86.42595728079938,54.68507987180593,1.09949e+07 au,0.03368469367821326,0.6115296226660725
3.49,26.02136441,-15.93955597,274.17,-1721.82,854.07,1.7347576273333334,1991.25,Durre Menthor,27.196688238586642,173.6674749745216,7.52325e+05 au,0.24603575899464306,2.0103128880552905
3.74,27.86504416,-10.33494526,12.59,38.78,-38.04,1.8576696106666666,1991.25,HIP8645,32.5963416910502,170.97341207167122,1.63832e+07 au,0.27534336674766946,1.7739720408996194
3.42,28.27041595,29.57939727,50.87,12.02,-233.69,1.8846943966666667,1991.25,HIP8796,71.78577419054074,156.73475612675617,4.05474e+06 au,0.10636018582109649,0.8609515954160724
3.88,28.38235506,19.29409264,15.96,79.43,-99.1,1.892157004,1991.25,HIP8832,61.8165366854326,163.3069043879461,1.29239e+07 au,0.1387634007300994,1.0288927299504487
3.35,28.59868107,63.67014686,7.38,31.98,-18.66,1.906578738,1991.25,HIP8886,72.32538916517515,12.549216925438504,2.79492e+07 au,0.038547609434726876,0.4418571661450557
2.64,28.65978771,20.80829949,54.74,96.32,-108.8,1.910652514,1991.25,HIP8903,63.237255283005375,162.03798524323196,3.76808e+06 au,0.138263700348097,1.0014161486563886
3.69,28.98680207,-51.60958673,57.19,681.24,284.23,1.9324534713333332,1991.25,HIP9007,-8.551094857325419,174.48639905571304,3.60666e+06 au,2.0946345616861985,6.241660489109509
2.86,29.69113269,-61.56992444,45.74,262.54,26.88,1.9794088459999999,1991.25,HIP9236,-18.49272161751785,175.2622941632486,4.50951e+06 au,8.320804336114861,11.945558332445877
3.99,30.0009367,-21.07777193,10.84,133.01,-24.53,2.0000624466666665,1991.25,HIP9347,21.685424095097055,170.1098902842235,1.90281e+07 au,0.4841021055006673,2.2113538688236485
3.82,30.51166929,2.76376048,23.45,33.29,-0.42,2.034111286,1991.25,HIP9487,45.191892640593366,165.20570461646395,8.79594e+06 au,0.2608348184513898,1.364939341923799
3.95,30.85912643,72.42123962,20.12,-44.0,22.51,2.0572750953333334,1991.25,HIP9598,63.740674404540215,7.390333508983431,1.02517e+07 au,0.031299038612408556,0.35320160317749183
2.1,30.97466283,42.32984832,9.19,43.08,-50.85,2.064977522,1991.25,Almach,81.12737434922477,115.19624040360756,2.24445e+07 au,0.10132779895821088,0.6800354955972411
2.01,31.79285757,23.46277743,49.48,190.73,-145.77,2.119523838,1991.25,Hamal,64.980437724665,153.9531042177184,4.16865e+06 au,0.17679735150375078,0.9457350317007243
3.0,32.38550383,34.98739204,26.24,148.78,-39.13,2.1590335886666665,1991.25,HIP10064,75.12146815835008,137.24376493655367,7.8607e+06 au,0.13921281872872723,0.7724546752354189
3.56,34.12708452,-51.51211145,21.06,90.75,-21.9,2.275138968,1991.25,HIP10602,-8.898359459385176,171.27725661364335,9.79415e+06 au,3.009199859994188,5.500504712104954
1.97,37.94614689,89.26413805,7.56,44.22,-11.74,2.529743126,1991.25,Polaris,47.338294270460565,0.3950050952252152,2.72837e+07 au,0.0020321738744090317,0.19748669363615717
3.47,40.82551897,3.23617162,39.78,-146.43,-145.27,2.7217012646666663,1991.25,HIP12706,43.00427673083524,151.1565776352374,5.18514e+06 au,0.4958048323985232,1.2570353769485316
3.61,42.49578911,27.26079044,20.45,65.47,-116.59,2.8330526073333333,1991.25,HIP13209,63.796716555308,129.93525538848922,1.00863e+07 au,0.29989752557146804,0.8319348344847973
3.77,42.67413655,55.89552955,2.45,16.64,-13.76,2.8449424366666665,1991.25,HIP13268,73.2264274041711,48.329837999212224,8.41897e+07 au,0.13551383612558215,0.49866354839578436
3.93,43.564427,52.76248991,13.15,-1.99,-4.53,2.9042951333333336,1991.25,HIP13531,73.72012444453051,59.37532773451061,1.56855e+07 au,0.15602756938294135,0.5277599070778446
3.89,44.10668245,-8.89760976,24.49,77.73,-219.99,2.940445496666667,1991.25,HIP13701,30.46550633979754,152.2526548463678,8.42241e+06 au,0.7641381623098582,1.496784885375146
2.88,44.5654818,-40.30473491,20.22,-53.53,25.71,2.97103212,1991.25,HIP13847,0.351178757310734,161.64702910295907,1.0201e+07 au,2.204594609094018,2.8601202987392176
2.54,45.56991279,4.08992539,14.82,-11.81,-78.76,3.0379941859999997,1991.25,HIP14135,42.06725600224148,144.74826270190803,1.3918e+07 au,0.5814068604664451,1.1779836497759
2.91,46.19912598,53.50645031,12.72,0.5,-4.19,3.079941732,1991.25,HIP14328,72.01755474753281,58.044544366322995,1.62158e+07 au,0.1679054917698826,0.5119627100414694
3.32,46.29373754,38.84053298,10.03,128.69,-106.61,3.0862491693333336,1991.25,HIP14354,69.3519057191947,102.76402631809464,2.05648e+07 au,0.2581646767010089,0.6655527878233631
2.09,47.04220716,40.9556512,35.14,2.39,-1.44,3.1361471439999997,1991.25,Algol,69.84235959545921,96.63132153521316,5.8698e+06 au,0.25020724931508753,0.6381896242296119
3.79,47.37345463,44.85788896,29.05,173.01,-142.05,3.1582303086666665,1991.25,HIP14668,70.9699696049688,85.45051261003485,7.10034e+06 au,0.22715742806401734,0.5949307806200864
3.8,48.01783332,-28.98910623,70.86,371.49,612.26,3.201188888,1991.25,HIP14879,10.265378912222591,155.45509977987754,2.91088e+06 au,1.5431268324636354,2.0469689945158116
3.7,49.87904033,-21.7579421,12.63,51.35,32.2,3.3252693553333335,1991.25,HIP15474,16.486111573442074,151.29878374563592,1.63313e+07 au,1.2837050198398594,1.7155635944478649
1.79,51.08061889,49.86124281,5.51,24.11,-26.01,3.4053745926666665,1991.25,Mirfak,69.26449694953189,69.71737122485473,3.74346e+07 au,0.21932720281439896,0.5286990780099493
3.61,51.20349011,9.02906504,15.42,-74.25,-80.31,3.413566007333333,1991.25,HIP15900,43.99224881916601,134.87661621677267,1.33764e+07 au,0.6094643331388006,1.0139357481283389
3.73,51.79217049,9.7327724,14.68,53.61,-38.12,3.4528113659999997,1991.25,HIP16083,44.31228423610998,133.6839656085361,1.40507e+07 au,0.6085285758076923,0.9949873580169191
3.72,53.23509009,-9.45830584,310.75,-976.44,17.97,3.549006006,1991.25,Sadira,26.58569893543975,142.979903120567,6.63765e+05 au,0.9904707913645298,1.3070815212241238
3.01,55.7311754,47.7876533,6.18,23.83,-41.93,3.715411693333333,1991.25,HIP17358,65.97520670087086,74.16355794313364,3.33762e+07 au,0.2623373410434759,0.5258016631562741
3.52,55.81231706,-9.76519868,110.58,-91.71,742.23,3.720821137333333,1991.25,HIP17378,25.21471824471166,140.56688002970245,1.8653e+06 au,1.0482888705442064,1.2485297466400174
3.84,56.04814541,-64.80709398,32.71,308.39,78.72,3.736543027333333,1991.25,HIP17440,-24.9268833629442,164.06647345485348,6.30586e+06 au,7.882832569889758,-0.406241741810168
3.84,56.07969347,32.28827325,2.21,8.11,-10.32,3.7386462313333335,1991.25,HIP17448,59.08941911384379,104.7875833069198,9.33325e+07 au,0.39789906609834447,0.6706062073696222
3.72,56.21884811,24.1134484,8.8,21.55,-44.92,3.7479232073333337,1991.25,HIP17499,53.431008546460276,115.45948570118892,2.34392e+07 au,0.4841697182112887,0.7561515763202775
3.77,56.29851422,42.57854437,5.86,-14.59,1.75,3.7532342813333335,1991.25,HIP17529,64.13558175687895,85.78169869636578,3.51988e+07 au,0.30747674814026127,0.5697019758552505
3.87,56.45663804,24.36785796,9.06,21.09,-45.03,3.7637758693333336,1991.25,HIP17573,53.46931232005587,114.90182498644421,2.27665e+07 au,0.48372110541451385,0.7509142184866725
3.26,56.80929799,-74.23924251,15.23,51.07,115.27,3.7872865326666667,1991.25,HIP17678,-33.38939615435294,168.85331375880625,1.35433e+07 au,6.478653167471759,-6.0910152771728745
2.85,56.87110065,24.10524193,8.87,19.35,-43.11,3.79140671,1991.25,HIP17702,53.019249657248245,114.7409931945049,2.32542e+07 au,0.49081963195737344,0.7495426247648714
3.62,57.29054669,24.05352412,8.57,17.77,-44.7,3.8193697793333334,1991.25,HIP17847,52.71941200343995,114.33709769984219,2.40682e+07 au,0.4955711234319847,0.7457536779202759
2.84,58.53299363,31.88365776,3.32,4.41,-9.15,3.9021995753333334,1991.25,HIP18246,57.203944512809244,102.95985371829478,6.2128e+07 au,0.42251592668307425,0.6539972985812286
2.9,59.46342138,40.01027315,6.06,12.61,-24.06,3.964228092,1991.25,HIP18532,60.91799415096945,88.7733974075456,3.40371e+07 au,0.3512279656017491,0.5720441040332043
2.97,59.50720862,-13.50824471,14.75,60.51,-111.34,3.9671472413333335,1991.25,HIP18543,20.229062346464985,138.91461615504852,1.39841e+07 au,1.2179767099077239,1.2146243000771535
3.98,59.74124892,35.79102701,1.84,1.92,2.3,3.9827499279999996,1991.25,HIP18614,58.64606981952858,95.85925804704283,1.121e+08 au,0.39298216669248365,0.6075274968620681
3.41,60.17008591,12.49037571,8.81,-8.15,-11.98,4.011339060666667,1991.25,HIP18724,42.07273096771781,122.18334309505222,2.34126e+07 au,0.6774470081315793,0.8387543836283393
3.91,60.78907003,5.98930909,25.24,5.52,-1.63,4.052604668666667,1991.25,HIP18907,36.40327576939075,126.37274574967087,8.17214e+06 au,0.79003686504896,0.9055863123273518
3.96,62.16530527,47.71259359,5.89,20.19,-33.26,4.144353684666666,1991.25,HIP19343,61.731005316682065,72.25919865387911,3.50195e+07 au,0.29907880581210317,0.4911672754599508
3.85,63.5003388,-42.29387294,27.85,41.89,-203.65,4.23335592,1991.25,HIP19747,-6.920766657189467,149.26488690684454,7.40628e+06 au,2.8831936297970047,1.4367447222273437
3.33,63.60596306,-62.47397888,19.98,41.64,49.72,4.240397537333333,1991.25,HIP19780,-24.50499038926671,159.59811292985623,1.03236e+07 au,6.126729467417352,-0.28424098201322767
3.55,64.47341068,-33.79833145,18.27,62.31,-6.75,4.298227378666667,1991.25,HIP20042,0.18148445308492034,144.52549206767426,1.12898e+07 au,2.201165297726979,1.3229202865109047
3.65,64.94805793,15.62770031,21.17,115.29,-23.86,4.3298705286666666,1991.25,HIP20205,41.64168943372848,114.6876602842422,9.74326e+06 au,0.678804296919954,0.7371213915176347
3.77,65.73344722,17.5425843,21.29,107.75,-28.84,4.382229814666667,1991.25,HIP20455,42.58971801683594,112.22556731874559,9.68834e+06 au,0.6578037098320753,0.7086799617320343
3.97,66.00902233,-34.01698632,11.95,73.77,57.57,4.400601488666666,1991.25,HIP20535,-0.629497188051046,143.5182273425399,1.72607e+07 au,2.2263055260959685,1.241562042369573
3.84,67.14346805,15.96221721,20.66,104.76,-15.01,4.476231203333333,1991.25,HIP20885,40.51145714459832,112.27848873853209,9.98378e+06 au,0.6927422313013263,0.7027196801949513
3.53,67.15388879,19.18052092,21.04,107.23,-36.77,4.4769259193333335,1991.25,HIP20889,42.88385332198904,109.36487219310393,9.80346e+06 au,0.6461558472558172,0.6754145764959656
3.4,67.16531219,15.8709468,21.89,108.66,-26.39,4.4776874793333326,1991.25,HIP20894,40.42895997885827,112.33710777819415,9.42279e+06 au,0.6942895120186767,0.7031866556105923
3.3,68.49882684,-55.04500559,18.56,58.06,12.73,4.566588456000001,1991.25,HIP21281,-19.567564865263193,153.01802444865478,1.11134e+07 au,4.385100965083795,0.5368154392395571
3.81,68.88779874,-30.56231049,15.62,-48.92,-12.75,4.592519916,1991.25,HIP21393,1.1230319064384036,139.67442652721618,1.32052e+07 au,2.0354466378784184,1.0750769830102003
0.87,68.98000195,16.50976164,50.09,62.78,-189.36,4.598666796666667,1991.25,Aldebaran,39.74215838175275,110.08424334428861,4.11788e+06 au,0.699062555540652,0.6718473091123296
3.93,69.07975243,-3.352448,5.56,1.73,-4.54,4.605316828666667,1991.25,HIP21444,24.02456806354123,124.49536595776864,3.7098e+07 au,1.068544654960367,0.8378573208665917
3.86,69.54529558,-14.303587,29.84,-77.86,-178.06,4.636353038666667,1991.25,HIP21594,14.637079107416804,130.50617465654608,6.91236e+06 au,1.3672519482114487,0.9236419521589743
3.19,72.45890935,6.96124744,124.6,463.44,11.62,4.830593956666666,1991.25,HIP22449,30.271417797104636,114.50915401463023,1.65542e+06 au,0.8830827295065468,0.686666515484055
3.68,72.80152507,5.60510146,2.59,-3.62,1.03,4.853435004666666,1991.25,HIP22549,29.00406054106644,115.18651206213299,7.96389e+07 au,0.9106836592673703,0.6897936319561161
3.71,73.5628985,2.44067149,2.43,1.43,0.23,4.904193233333333,1991.25,HIP22797,26.048758106087217,116.72416937824721,8.48826e+07 au,0.9777300666151673,0.6961998710159832
2.69,74.24840098,33.16613537,6.37,3.63,-18.54,4.949893398666666,1991.25,HIP23015,47.241515142384486,88.43865557455823,3.23807e+07 au,0.510326090613761,0.4966676168642673
3.03,75.49222507,43.82331397,1.6,0.18,-2.31,5.032815004666667,1991.25,HIP23416,51.689647286162106,73.41660383000199,1.28916e+08 au,0.3973092978201329,0.42741725618582305
3.69,75.61950025,41.07588953,4.14,8.88,-21.43,5.041300016666667,1991.25,HIP23453,50.408313590188826,77.2870937669268,4.98224e+07 au,0.4269848465751689,0.4408862347226034
3.19,76.36521705,-22.37085673,14.39,19.27,-72.35,5.09101447,1991.25,HIP23685,4.337177357427584,129.58971181716043,1.43339e+07 au,1.6832221053407475,0.742881445542847
3.18,76.62862102,41.23464074,14.87,30.6,-68.41,5.108574734666666,1991.25,HIP23767,49.80627018847534,76.52271785145822,1.38712e+07 au,0.4291919431152839,0.4318456055401345
2.78,76.96264146,-5.08626282,36.71,-83.39,-75.44,5.130842764,1991.25,HIP23875,18.00822030018956,118.76135896658673,5.61876e+06 au,1.1629604322124016,0.6640215869163986
3.29,78.2328046,-16.20542901,17.69,45.66,-16.13,5.215520306666666,1991.25,HIP24305,8.332751943694506,124.54139214142972,1.166e+07 au,1.4727958425524779,0.6697382895982122
0.18,78.63446353,-8.20163919,4.22,1.87,-0.56,5.242297568666667,1991.25,Rigel,14.522699479689143,119.34520016698175,4.88779e+07 au,1.2467840017742344,0.6355084859821917
0.08,79.17206517,45.99902927,77.29,75.52,-427.13,5.278137677999999,1991.25,Capella,50.17306533058241,68.59981010007611,2.66871e+06 au,0.38730297726424323,0.3896180189395933
3.59,79.40166225,-6.84438616,5.88,-15.31,-9.57,5.29344415,1991.25,HIP24674,15.137261054365776,117.86665138488708,3.5079e+07 au,1.2151931325657679,0.6119191192150948
3.35,81.11923774,-2.39713844,3.62,-0.54,-3.21,5.407949182666667,1991.25,HIP25281,17.56119133128126,113.58997156409333,5.69792e+07 au,1.1164157505731858,0.558534145076365
1.64,81.28278416,6.34973451,13.42,-8.75,-13.28,5.418852277333333,1991.25,Bellatrix,24.148587641106417,107.423181581864,1.537e+07 au,0.9397553956433224,0.5275823471066887
1.65,81.57290804,28.60787346,24.89,23.28,-174.22,5.438193869333333,1991.25,Elnath,39.47968564723447,88.28094334941386,8.28706e+06 au,0.5972518756618539,0.44053546380710873
2.81,82.06135971,-20.75923214,20.49,-5.03,-85.92,5.470757314,1991.25,HIP25606,2.5117160956231572,124.35299260032075,1.00666e+07 au,1.623566673850708,0.5512132405812555
3.86,82.8030645,-35.47043592,11.77,28.36,-34.11,5.5202043000000005,1991.25,HIP25859,-9.538999016787036,132.84863270296557,1.75246e+07 au,2.243282743034456,0.4186452287980228
2.25,83.00166562,-0.2990934,3.56,1.67,0.56,5.533444374666667,1991.25,Mintaka,17.981856645757002,110.66322387297775,5.79396e+07 au,1.0759150342534096,0.512657336912567
2.58,83.18255798,-17.82229227,2.54,3.27,1.54,5.545503865333333,1991.25,HIP25985,4.193326745963999,121.71707917516366,8.12066e+07 au,1.5254102013231947,0.5213755456763007
3.76,83.40631813,-62.48985585,3.14,1.06,12.56,5.560421208666667,1991.25,HIP26069,-30.1696536049582,151.55585734033036,6.56894e+07 au,4.1767449265005565,-1.3503091969350303
3.39,83.78449043,9.93416294,3.09,-1.03,-1.86,5.5856326953333335,1991.25,HIP26207,25.151875741839653,102.75779316405685,6.67524e+07 au,0.8831476007829389,0.472349949551203
2.75,83.85825475,-5.90989984,2.46,2.27,-0.62,5.590550316666667,1991.25,HIP26241,13.112165116176813,113.69128711619753,8.38475e+07 au,1.2020792341330642,0.5031714051410404
1.69,84.05338572,-1.20191725,2.43,1.49,-1.06,5.603559047999999,1991.25,Alnilam,16.614023241332774,110.42810400686861,8.48826e+07 au,1.0970505330209794,0.49218121545130644
2.97,84.41118447,21.14259299,7.82,2.39,-18.04,5.627412297999999,1991.25,HIP26451,32.65881335490206,93.20817998722256,2.63766e+07 au,0.7081899377414081,0.43096175169938633
3.77,84.68652211,-2.60006791,2.84,4.61,-0.4,5.645768140666666,1991.25,HIP26549,15.136278215023966,110.85920247609202,7.26285e+07 au,1.128091636126015,0.4805780637723489
2.65,84.91224975,-34.07404941,12.16,-0.1,-24.05,5.66081665,1991.25,HIP26634,-9.530032213190125,130.59241028436145,1.69626e+07 au,2.1481560984077612,0.352468304257519
1.74,85.18968672,-1.94257841,3.99,3.99,2.54,5.679312448,1991.25,Alnitak,15.31541368585376,110.0216390208029,5.16954e+07 au,1.1144519364422232,0.4689366934042021
3.59,86.11656241,-22.44748663,111.49,-292.42,-368.45,5.741104160666667,1991.25,HIP27072,-1.1438622609827263,122.43150147359225,1.85007e+06 au,1.6679553562935818,0.4161001701744035
3.55,86.73895728,-14.82194717,46.47,-14.84,-1.18,5.782597151999999,1991.25,HIP27288,4.412472767582597,117.16539803119957,4.43867e+06 au,1.4298173765091033,0.4259566854565975
3.85,86.82118054,-51.06671329,51.87,4.65,81.96,5.788078702666667,1991.25,HIP27321,-23.2819807151416,141.13044221698155,3.97657e+06 au,3.1199213926449536,-0.2956785496086631
2.07,86.93911641,-9.66960186,4.52,1.55,-1.2,5.795941094,1991.25,Saiph,8.269425268304408,113.72122022013184,4.56338e+07 au,1.2933095206313527,0.429448810793686
3.12,87.7398034,-35.76929225,37.94,55.74,404.68,5.849320226666666,1991.25,HIP27628,-12.313595817479344,129.88002880179863,5.43661e+06 au,2.190712161162584,0.21381622462715502
3.76,87.82980343,-20.87751376,29.05,228.96,-647.96,5.855320228666667,1991.25,HIP27654,-0.9372658140065145,120.20287826873401,7.10034e+06 au,1.6076156347306867,0.3716848581256399
3.97,87.87246934,39.14847936,15.17,8.48,0.39,5.858164622666666,1991.25,HIP27673,41.32135792451608,73.00608375635079,1.35969e+07 au,0.48521505083640093,0.34320729690073104
0.45,88.79287161,7.40703634,7.63,27.33,10.86,5.919524774,1991.25,Betelgeuse,19.931346215671933,100.68833320864239,2.70334e+07 au,0.9359868568929314,0.39012990818871945
3.71,89.10132627,-14.16803805,66.47,-42.23,139.02,5.940088418,1991.25,HIP28103,3.45987675357603,114.98016828011387,3.10313e+06 au,1.4052644889989396,0.3649863832153507
3.96,89.78662719,-42.81510761,6.14,18.53,-11.45,5.985775146,1991.25,HIP28328,-18.634862616863117,133.51305325334928,3.35936e+07 au,2.5110156914818647,-0.044944734553739554
3.72,89.88145972,54.28498197,23.22,86.31,-134.05,5.992097314666666,1991.25,HIP28358,46.77827723566282,53.194736669471574,8.88307e+06 au,0.3258102052317872,0.2906788705181744
1.9,89.88237261,44.94743492,39.72,-56.41,-0.88,5.992158174,1991.25,Menkalinan,42.95584467483363,65.23422043181323,5.19297e+06 au,0.4237478804725947,0.31261313531517454
2.65,89.93015897,37.21276409,18.83,42.09,-73.61,5.995343931333333,1991.25,HIP28380,38.90806411594528,73.97015148322811,1.09541e+07 au,0.5114906344196939,0.328782932286772
3.99,93.71390194,-6.27472737,5.06,-6.18,-20.06,6.247593462666667,1991.25,HIP29651,6.476712284899822,106.3580202866775,4.07638e+07 au,1.2000169587560015,0.2803622540554733
3.31,93.71956952,22.50682376,9.34,-62.53,-10.24,6.247971301333333,1991.25,HIP29655,27.192925410502706,85.32136557841243,2.2084e+07 au,0.7035315322524126,0.30620903764559493
3.02,95.07827982,-30.06337656,9.7,8.0,3.81,6.338551988000001,1991.25,HIP30122,-12.150456996273753,121.2970113407384,2.12644e+07 au,1.852828903376345,0.057125121654414183
3.85,95.52852147,-33.43627251,13.75,-24.19,-52.48,6.368568098,1991.25,HIP30277,-14.876330300275251,123.37899632982793,1.50011e+07 au,1.970348930166667,-0.014958377703788309
1.98,95.6749475,-17.95591658,6.53,-3.45,-0.47,6.378329833333334,1991.25,Murzim,-3.5378734531488982,112.67977696268655,3.15873e+07 au,1.4727006190375362,0.17401410850108315
2.87,95.73996302,22.51385027,14.07,56.84,-108.79,6.382664201333333,1991.25,HIP30343,25.815245917584395,83.9120308694069,1.46599e+07 au,0.703897703209056,0.28043943647659214
-0.62,95.98787763,-52.69571799,10.43,19.99,23.67,6.399191842,1991.25,Canopus,-28.495210313383645,138.0954725172436,1.97761e+07 au,2.857029367934172,-0.7519718735424428
3.76,97.20447548,-7.03305042,4.72,-7.0,-4.97,6.480298365333334,1991.25,HIP30867,3.5994860170361416,104.27161315266767,4.37002e+07 au,1.203202654943079,0.20289909679654441
3.95,99.17082883,-19.25570928,50.41,62.32,-69.91,6.611388588666667,1991.25,HIP31592,-6.7290598413288905,111.09546604009304,4.09174e+06 au,1.478649441669972,0.07494108063334078
1.93,99.42792641,16.39941482,31.12,-2.04,-66.92,6.628528427333333,1991.25,Alhena,19.08708136372959,86.1298703752911,6.62805e+06 au,0.7878453444736931,0.22701804111493223
3.17,99.44029869,-43.19592394,7.71,-0.43,-3.99,6.629353246,1991.25,HIP31685,-23.91161710338682,128.46722428657722,2.67529e+07 au,2.285324364313661,-0.40014428238825234
3.06,100.98304088,25.13115531,3.61,-5.93,-12.81,6.732202725333334,1991.25,HIP32246,24.019827455316257,78.22139692815071,5.71371e+07 au,0.6663170356101189,0.21783202554582273
-1.44,101.28854105,-16.71314306,379.21,-546.01,-1223.08,6.752569403333334,1991.25,Sirius,-6.2415848690809925,107.88021955281302,5.43933e+05 au,1.396363557639499,0.04809723963831322
3.35,101.3226398,12.89605513,57.02,-115.16,-190.91,6.754842653333333,1991.25,HIP32362,15.31590751029161,87.37666791475816,3.61741e+06 au,0.8361798962717719,0.19354170887119126
3.24,102.04807134,-61.94197988,32.96,-68.39,242.03,6.803204756,1991.25,HIP32607,-36.621932623347476,144.59812912700485,6.25803e+06 au,3.00369299142326,-1.6972250952908006
3.5,102.46027285,-32.50848752,4.13,-9.18,4.04,6.830684856666666,1991.25,HIP32759,-18.302242940379,118.38107733392518,4.99431e+07 au,1.8230502757982765,-0.20070734256868974
2.94,102.48390349,-50.61439973,17.85,34.23,-65.85,6.832260232666667,1991.25,HIP32768,-30.29360277015959,133.31857560525768,1.15555e+07 au,2.515130088268603,-0.8215959550926125
3.6,103.1972503,33.96136985,16.59,-2.66,-47.67,6.879816686666667,1991.25,HIP33018,28.320621907444398,69.35958784129241,1.24331e+07 au,0.5555418554772308,0.20291303015726833
3.89,103.53314518,-24.18422296,1.65,-3.46,5.02,6.902209678666667,1991.25,HIP33152,-13.091312813381768,111.56361059656462,1.25009e+08 au,1.562379445003078,-0.08957598064903917
1.5,104.65644451,-28.97208931,7.57,2.63,2.29,6.977096300666667,1991.25,Adhara,-17.185469133553617,114.33878370963924,2.72477e+07 au,1.6798208521253233,-0.19179142597890397
3.49,105.42979876,-27.93484165,2.68,-6.01,4.64,7.028653250666666,1991.25,HIP33856,-16.947032981430077,113.0655870281094,7.69645e+07 au,1.6388255694385447,-0.19322089079042304
3.02,105.75613986,-23.83330131,1.27,-1.56,4.28,7.050409324,1991.25,HIP33977,-14.270281395921963,109.8238845484216,1.62413e+08 au,1.5249739185822042,-0.13785736214838587
1.83,107.09785853,-26.39320776,1.82,-2.75,3.33,7.139857235333333,1991.25,Wezen,-16.933594459110797,110.82861067057723,1.13332e+08 au,1.5728576939372712,-0.20784179104590536
3.78,107.18676883,-70.49919435,23.02,23.71,108.06,7.145784588666667,1991.25,HIP34481,-42.36473191740918,153.250053819682,8.96024e+06 au,2.8432978600253462,-2.823835328625335
3.97,109.20762844,-67.95717248,4.94,-4.11,8.5,7.280508562666666,1991.25,HIP35228,-42.07135538473677,149.70746661703177,4.1754e+07 au,2.760658223043628,-2.468380186245162
2.71,109.28568399,-37.09748689,2.98,-10.57,7.0,7.285712266,1991.25,HIP35264,-25.532006952088864,117.9631553268666,6.92164e+07 au,1.8358344427728088,-0.4834187443659122
3.58,109.52336162,16.54047526,34.59,-46.09,-37.9,7.301557441333333,1991.25,HIP35350,12.319831521549524,78.9321387948868,5.96313e+06 au,0.760661762458891,0.09226597604540537
3.5,110.0307889,21.98233941,55.45,-18.72,-7.76,7.335385926666667,1991.25,HIP35550,15.824528537448352,74.61015244853108,3.71983e+06 au,0.6885998692165053,0.10494301626141339
2.45,111.02377104,-29.30311979,1.02,-3.76,6.66,7.401584736,1991.25,Aludra,-21.45480535410722,110.54515687112354,2.0222e+08 au,1.587041369998722,-0.3485059231301119
3.78,111.43198371,27.79828561,25.9,-121.28,-84.43,7.428798914,1991.25,HIP36046,18.94989606202328,69.30047734414265,7.96389e+06 au,0.6140869391223229,0.10763613927076474
2.89,111.78780121,8.28940893,19.16,-50.28,-38.45,7.452520080666667,1991.25,HIP36188,4.850141931957524,83.12667262880858,1.07654e+07 au,0.8648268005586829,0.02488143290338056
3.25,112.3078263,-43.30189129,17.74,-59.86,188.73,7.48718842,1991.25,HIP36377,-31.205920223357612,121.8356633631252,1.16271e+07 au,1.9542206852473565,-0.7449270223184038
1.58,113.65001898,31.88863645,63.27,-206.33,-148.18,7.576667932,1991.25,Castor,20.35208060950716,64.7382136229395,3.26007e+06 au,0.5614765564501505,0.09805137383557971
3.8,114.70783872,-26.8038924,7.18,-17.0,23.08,7.647189248,1991.25,HIP37229,-22.170106456057542,106.19598333833504,2.87277e+07 au,1.4673187276850201,-0.3806056206997511
0.4,114.82724194,5.22750767,285.93,-716.57,-1034.58,7.6551494626666665,1991.25,Procyon,0.5491290662327535,83.04406302366752,7.21382e+05 au,0.8912533552225039,-0.036140837102462735
3.94,115.31198612,-9.55108315,22.61,-74.8,-19.64,7.687465741333333,1991.25,HIP37447,-10.510706070783014,92.89855648836954,9.12272e+06 au,1.1189524271254616,-0.16186324374795666
3.93,115.45498347,-72.60613528,24.36,33.38,15.29,7.696998898,1991.25,HIP37504,-45.48799532365941,154.95238806307114,8.46736e+06 au,2.420272472567302,-3.0662223120371195
3.94,115.95196716,-28.9548352,-0.37,-4.57,3.88,7.730131144,1991.25,HIP37677,-24.42517870059056,107.14013149461807,2.06265e+14 au,1.4957880038603963,-0.4456090773561205
3.57,116.11195237,24.39812929,22.73,-22.45,-56.24,7.740796824666666,1991.25,HIP37740,13.56859351754759,68.76277092451649,9.07456e+06 au,0.6387647868260203,0.04643594337239694
3.62,116.31376631,-37.96859848,2.35,-10.77,5.97,7.7542510873333335,1991.25,HIP37819,-30.40728745722979,114.75122804443755,8.77723e+07 au,1.7084279385941439,-0.6632270248971432
1.16,116.33068263,28.02631031,96.74,-625.69,-45.95,7.755378842,1991.25,Pollux,16.003577958067055,65.97319694589245,2.13216e+06 au,0.5966366884502514,0.058754635315492
3.34,117.32357809,-24.85978401,2.42,-5.56,-0.71,7.8215718726666665,1991.25,HIP38170,-22.597813733137148,102.92648941123772,8.52334e+07 au,1.3843062546213425,-0.3980769917664555
3.71,118.05435622,-40.57579889,9.46,-13.89,5.3,7.870290414666667,1991.25,HIP38414,-33.0469177458487,116.2593911662486,2.18039e+07 au,1.7361016677469738,-0.7746779708563124
3.46,119.19475729,-52.98240062,8.43,-28.38,16.76,7.9463171526666665,1991.25,HIP38827,-40.24532282682237,128.92199400696805,2.44679e+07 au,2.0342247258736608,-1.3048649811560316
2.21,120.89612561,-40.00318846,2.33,-30.82,16.77,8.059741707333334,1991.25,Naos,-34.480565915672514,114.18606316131954,8.85257e+07 au,1.655693649876659,-0.8107513352518405
2.83,121.88625899,-24.30443677,51.99,-83.29,46.38,8.125750599333333,1991.25,HIP39757,-25.297282096507665,99.42607421429942,3.96739e+06 au,1.3026740729698143,-0.4708932296397519
1.75,122.38314727,-47.33661177,3.88,-5.93,9.9,8.158876484666667,1991.25,Regor,-39.334514765133456,121.19812052047018,5.3161e+07 au,1.7953719805383477,-1.0937274616905646
3.53,124.12895101,9.18566295,11.23,-46.8,-48.65,8.275263400666667,1991.25,HIP40526,-2.7798613341327814,73.55874579243165,1.83673e+07 au,0.7755427162670108,-0.1304976230941465
1.86,125.62860299,-59.50953829,5.16,-25.34,22.72,8.375240199333334,1991.25,Avior,-46.050653164581675,135.29832852866892,3.99738e+07 au,1.9674203507933996,-1.781077611821035
3.91,126.41529546,-3.90636482,26.09,-66.05,-24.2,8.427686364,1991.25,HIP41307,-14.018025790486735,80.74100387451686,7.90589e+06 au,0.9221479910201184,-0.27266447651789444
3.77,126.43435936,-66.13652042,30.21,-35.83,-152.15,8.428957290666666,1991.25,HIP41312,-48.00235148872855,144.61436115525632,6.8277e+06 au,2.0283796209181086,-2.3081906703212685
3.35,127.56679232,60.7184311,17.76,-134.31,-107.73,8.504452821333334,1991.25,HIP41704,32.22566206144939,33.53229230195912,1.1614e+07 au,0.25045186116492996,0.09995370949662466
3.97,130.02556894,-35.30830091,8.4,9.68,-21.18,8.668371262666666,1991.25,HIP42515,-37.69147039111,104.29035066182888,2.45553e+07 au,1.3600983684854744,-0.8321349921369228
3.6,130.07337168,-52.92197259,6.59,-24.62,35.09,8.671558112000001,1991.25,HIP42536,-46.19018459647279,125.14802456314906,3.12997e+07 au,1.6989411251692172,-1.4506893384480475
3.77,130.15656369,-46.64875492,1.05,-6.3,4.29,8.677104246,1991.25,HIP42570,-43.672380480280765,117.02608845258328,1.96443e+08 au,1.5730601281827121,-1.1831444091049577
3.68,130.89811451,-33.18641133,3.86,-14.28,10.6,8.726540967333333,1991.25,HIP42828,-37.029830761802906,101.59599478484218,5.34365e+07 au,1.3050577826553669,-0.7935791872580422
3.94,131.17129209,18.15486399,23.97,-17.1,-228.46,8.744752806000001,1991.25,HIP42911,-0.4744611932986565,62.51594627615095,8.60512e+06 au,0.627374370015092,-0.1417363783428463
1.93,131.17582214,-54.70856797,40.9,28.78,-104.14,8.745054809333334,1991.25,Koo She,-47.415049113406475,127.27553775565359,5.04315e+06 au,1.7000241642683325,-1.5527005115736243
3.87,131.50689464,-46.0415392,2.1,-12.23,4.82,8.767126309333333,1991.25,HIP43023,-44.22862987667699,115.68794501609955,9.82213e+07 au,1.5267146173911355,-1.1786507753321152
3.38,131.6943593,6.41890691,24.13,-231.04,-40.17,8.779623953333333,1991.25,HIP43109,-9.790972998222825,69.70592344801646,8.54806e+06 au,0.7471856315769998,-0.23949072698510956
3.84,133.76192355,-60.64471195,10.45,-28.18,42.24,8.91746157,1991.25,HIP43783,-50.2589037927447,135.46933371407312,1.97383e+07 au,1.7158718189032125,-1.9209249962461716
3.11,133.84868687,5.9455277,21.64,-99.76,14.65,8.923245791333333,1991.25,HIP43813,-11.533844172105654,68.34863477176599,9.53164e+06 au,0.7331722383014226,-0.2670018125525768
3.12,134.80349479,48.04234956,68.32,-441.12,-215.21,8.986899652666667,1991.25,HIP44127,20.407422130215743,40.458011702830085,3.0191e+06 au,0.33906778104079893,0.008942572348037739
3.96,135.16146765,41.78344401,60.86,-487.67,-219.29,9.01076451,1991.25,HIP44248,15.511905434497926,44.5684683220355,3.38917e+06 au,0.3897862377356155,-0.026615402940672765
4.0,135.61166181,-66.39584369,26.24,-2.01,-95.8,9.040777453999999,1991.25,HIP44382,-51.699702052324646,144.41684804272984,7.8607e+06 au,1.7105701715448771,-2.3515323796631105
3.57,135.90649494,47.15665934,7.71,-37.37,-55.39,9.060432996,1991.25,HIP44471,19.249687098689897,40.48137024226676,2.67529e+07 au,0.34240860483934327,-0.001829070669251124
3.75,136.03883562,-47.09771376,10.55,-46.82,-9.57,9.069255707999998,1991.25,HIP44511,-47.494908801741126,115.13493477974316,1.95512e+07 au,1.4309280566515745,-1.2733808094221735
2.23,136.99907126,-43.43262406,5.69,-23.21,14.28,9.133271417333333,1991.25,Suhail,-46.52089631847921,109.85788592129788,3.62504e+07 au,1.3467190227158135,-1.1575492939682526
3.43,137.74210535,-58.96693014,7.79,-17.67,14.14,9.182807023333334,1991.25,HIP45080,-51.94031324269426,132.28745101621786,2.64782e+07 au,1.5698455514540752,-1.8442190025152005
3.96,137.81986611,-62.31701587,6.53,-38.04,15.93,9.187991074,1991.25,HIP45101,-52.40546867792488,137.69867971447917,3.15873e+07 au,1.6074387432677057,-2.0549004439003054
1.67,138.30100329,-69.71747245,29.34,-157.66,108.91,9.220066886000001,1991.25,Miaplacidus,-52.61364529892941,149.86996417433699,7.03016e+06 au,1.6252136260300993,-2.6424886069268325
3.89,138.59080529,2.31502422,25.34,112.57,-306.07,9.239387019333332,1991.25,HIP45336,-17.347790393620823,66.96804313995894,8.13989e+06 au,0.7253047473496338,-0.35140195878228897
2.21,139.27261834,-59.27526115,4.71,-19.03,13.11,9.284841222666667,1991.25,Turais,-52.763432953091545,132.59144290408605,4.3793e+07 au,1.5279378938323414,-1.8723284778002347
3.82,139.71111394,36.80289763,26.75,-32.61,-123.78,9.314074262666667,1991.25,HIP45688,9.423017583415515,44.93765423860225,7.71083e+06 au,0.4095964728045511,-0.0852748941555868
3.14,140.26441169,34.39252592,14.69,-222.8,14.78,9.350960779333333,1991.25,HIP45860,7.228913771387167,46.04060631796987,1.40412e+07 au,0.4260078656779203,-0.10454271605689204
2.47,140.52845511,-55.01069531,6.05,-10.72,11.24,9.368563674,1991.25,Markab,-52.6750534364775,125.46069833420549,3.40934e+07 au,1.4348003917294054,-1.654169405135348
1.99,141.8968826,-8.65868335,18.4,-14.49,33.25,9.459792173333334,1991.25,Alphard,-27.861565992224065,71.90418797685555,1.121e+07 au,0.8004514196832185,-0.5114093668819074
3.6,142.67547063,-40.46688763,53.89,-147.14,48.65,9.511698042,1991.25,HIP46651,-48.87542092955049,103.03705871139259,3.82751e+06 au,1.1735635033913252,-1.1303725194062026
3.16,142.80564072,-57.0343916,13.72,-32.58,6.08,9.520376048000001,1991.25,HIP46701,-54.29319435464051,128.41788929012304,1.50339e+07 au,1.397658425491367,-1.772429149650359
3.65,142.88154025,63.06179545,43.2,107.55,26.86,9.525436016666667,1991.25,HIP46733,28.662484554352314,25.78331726275494,4.77465e+06 au,0.19882618633247384,0.05300037177793499
3.17,143.21802191,51.67860208,74.15,-947.06,-535.6,9.547868127333334,1991.25,HIP46853,19.736300836909827,33.55405729931633,2.78172e+06 au,0.2807258005230611,-0.013080910357960935
3.9,144.96389156,-1.14265722,11.83,47.81,-62.92,9.664259437333333,1991.25,HIP47431,-24.025008686682032,63.95179494163102,1.74357e+07 au,0.6897610874432862,-0.45039290084543265
3.52,145.28799116,9.89239902,24.12,-143.67,-37.45,9.685866077333333,1991.25,HIP47508,-15.37151575363392,56.659534819117575,8.55161e+06 au,0.5894953209523369,-0.337918826494728
3.69,146.31178147,-62.50792328,2.16,-12.88,8.28,9.754118764666666,1991.25,HIP47854,-56.3387904467541,137.8703036034358,9.5493e+07 au,1.353601096180893,-2.102977121344809
2.97,146.4629267,23.77427792,13.01,-46.09,-9.57,9.764195113333333,1991.25,HIP47908,-4.567090126765668,47.720863562547706,1.58543e+07 au,0.46905350258900724,-0.22481426379422817
2.92,146.7755734,-65.07201888,2.01,-11.55,4.97,9.785038226666668,1991.25,HIP48002,-56.33483937513902,142.51156780513946,1.02619e+08 au,1.3568815573494892,-2.2740753032527445
3.78,147.74871542,59.03910437,28.35,-294.45,-151.75,9.849914361333333,1991.25,HIP48319,24.054901454476155,26.55178365327272,7.27565e+06 au,0.2134242347783886,0.013159223511591898
3.88,148.19149028,26.00708498,24.52,-216.29,-54.92,9.879432685333335,1991.25,HIP48455,-3.5578344393647323,45.18098744410869,8.4121e+06 au,0.43986708989476236,-0.21840559067339338
3.52,149.2156452,-54.5677973,1.69,-13.13,2.83,9.94770968,1991.25,HIP48774,-57.53007784138082,123.19015512824006,1.2205e+08 au,1.1953140829063817,-1.6955538268435852
3.48,151.83313948,16.76266572,1.53,-1.94,-0.53,10.122209298666666,1991.25,HIP49583,-13.186510788927942,47.259849959418595,1.34814e+08 au,0.4766750083445209,-0.32237951018672356
1.36,152.09358075,11.96719513,42.09,-249.4,4.91,10.13957205,1991.25,Regulus,-17.385434362212667,49.6758872764407,4.90056e+06 au,0.5084229848916615,-0.36983052640078173
3.61,152.64748785,-12.35383921,28.44,-200.33,-100.28,10.17649919,1991.25,HIP49841,-37.53668302922249,65.19455707530864,7.25263e+06 au,0.6909556500612217,-0.6619874537460053
3.29,153.43449551,-70.03792169,8.81,-35.73,7.55,10.228966367333333,1991.25,HIP50099,-57.60056602826472,152.4751919921603,2.34126e+07 au,1.1713882075231725,-2.6531693238546605
3.85,153.68447399,-42.12206281,31.72,-150.68,49.84,10.245631599333333,1991.25,HIP50191,-57.0224851345674,99.43054316635953,6.50267e+06 au,0.9538863904137634,-1.2775513992735104
3.43,154.17251805,23.4173284,12.56,19.84,-7.3,10.27816787,1991.25,HIP50335,-8.595969570714066,41.866432388287556,1.64224e+07 au,0.41200310991823086,-0.2774813855407761
3.39,154.27085535,-61.33231977,4.43,-24.25,6.38,10.28472369,1991.25,HIP50371,-60.176296701940245,136.31655784454043,4.65609e+07 au,1.1222221333170568,-2.0608365610021417
3.45,154.27469564,42.91446855,24.27,-170.11,-42.64,10.284979709333333,1991.25,HIP50372,8.309503715687582,32.1170852050586,8.49876e+06 au,0.28924767492019154,-0.12192521160685678
2.01,154.99234054,19.84186032,25.96,310.77,-152.88,10.332822702666666,1991.25,Algieba,-12.07884898492244,43.002440334612416,7.94548e+06 au,0.4283257316843294,-0.3143841324766426
3.06,155.58251355,41.4994335,13.11,-80.47,34.1,10.372167569999998,1991.25,HIP50801,6.601340506232743,31.965502019239416,1.57334e+07 au,0.29050638090406816,-0.13835188539864746
3.99,156.09891874,-74.03154474,61.67,-16.12,-27.63,10.406594582666665,1991.25,HIP50954,-56.61179916044026,159.76150239939597,3.34465e+06 au,1.0695543584558587,-3.003232918968442
3.83,156.52293768,-16.83609584,13.14,-128.51,-80.06,10.434862512,1991.25,HIP51069,-43.38045690997388,65.21704225582381,1.56975e+07 au,0.6710709015037485,-0.7604897340187877
3.81,156.96977108,-58.73940856,3.13,-13.25,2.21,10.464651405333333,1991.25,HIP51232,-61.840926138992906,131.35937815718952,6.58993e+07 au,1.0318298081222517,-1.9329232746691176
3.3,158.0061825,-61.68536031,6.56,-16.59,11.42,10.5337455,1991.25,HIP51576,-61.864294628332686,137.7006012967174,3.14428e+07 au,1.024612249990165,-2.0920785926467667
3.84,158.20281305,9.30659431,0.57,-5.57,-3.59,10.546854203333334,1991.25,HIP51624,-22.763905949882734,45.65844723594216,3.61868e+08 au,0.46522909496020237,-0.4375220728124296
3.84,159.32606984,-48.22561631,37.71,-131.48,-1.58,10.621737989333333,1991.25,HIP51986,-62.71420257601891,108.51889306610467,5.46976e+06 au,0.8861879307958419,-1.5086635151024457
2.74,160.73927802,-64.39447937,7.43,-18.87,12.06,10.715951868,1991.25,HIP52419,-62.27259122170197,144.00139402645033,2.77611e+07 au,0.9655781640969262,-2.256399309874923
2.69,161.69217542,-49.42012517,28.18,62.55,-53.57,10.779478361333334,1991.25,HIP52727,-64.46345926167139,110.53044524566953,7.31955e+06 au,0.8417689251900163,-1.5632870652552444
3.11,162.40596699,-16.19413208,23.54,92.77,199.02,10.827064466,1991.25,HIP52943,-46.43986772511122,58.456514961526594,8.76231e+06 au,0.5773064179255831,-0.7915516789074545
3.79,163.32766612,34.21556641,33.4,92.47,-286.06,10.888511074666667,1991.25,HIP53229,-2.6448881927724406,29.75673995650063,6.17559e+06 au,0.28120691994569563,-0.2304966299843356
3.78,163.3731926,-58.85326474,33.71,79.75,38.65,10.891546173333333,1991.25,HIP53253,-65.0925071373508,132.85141715182877,6.1188e+06 au,0.8691574938156603,-1.9609719412799727
2.34,165.4599615,56.38234478,41.07,81.66,33.74,11.0306641,1991.25,Merak,17.014543833482897,19.268440621448683,5.02227e+06 au,0.16267079406764035,-0.059493958322187915
1.81,165.93265365,61.75111888,26.38,-136.46,-35.25,11.06217691,1991.25,Dubhe,21.808701832866188,16.693749974189096,7.81898e+06 au,0.1359387059042414,-0.01960278287125188
3.93,167.14748181,-58.97504198,0.55,-5.03,2.09,11.143165454,1991.25,HIP54463,-66.9383492846391,134.4104365523349,3.75027e+08 au,0.7760377253895294,-1.9778566294588893
3.0,167.41608092,44.49855337,22.21,-62.35,-27.38,11.161072061333334,1991.25,HIP54539,5.583312819162277,22.820843723728224,9.28702e+06 au,0.20652774225264967,-0.15946070339461568
2.56,168.52671705,20.52403384,56.52,143.31,-130.43,11.235114470000001,1991.25,HIP54872,-17.042599445493114,30.900055770233756,3.64941e+06 au,0.3040098091177785,-0.3773540562317977
3.33,168.56017036,15.4297631,18.36,-59.01,-79.37,11.237344690666667,1991.25,HIP54879,-21.763841974882098,32.92843796042538,1.12345e+07 au,0.3267300260105358,-0.42864290416951895
3.79,,,,,,,1991.25,HIP55203,,,nan au,,
3.49,169.61981385,33.09423881,7.74,-26.61,27.51,11.307987590000002,1991.25,HIP55219,-5.672783058428795,25.329418096350203,2.66492e+07 au,0.24067768163532896,-0.26429505210874044
3.56,169.83551103,-14.77904358,16.75,-124.47,206.61,11.322367402,1991.25,HIP55282,-49.37276854006876,48.479196116562335,1.23143e+07 au,0.45727757449441814,-0.811949125602271
3.9,170.25184266,-54.49101395,10.15,-35.32,-2.2,11.350122844,1991.25,HIP55425,-69.68868738552409,123.74783413765753,2.03217e+07 au,0.6770823994346219,-1.790220862113075
4.0,170.98070334,10.52969772,41.26,140.75,-77.8,11.398713555999999,1991.25,HIP55642,-27.193211977194853,32.58025076250747,4.99915e+06 au,0.3234041242159808,-0.4910764209868977
3.82,172.85120199,69.33112161,9.76,-41.14,-18.79,11.523413466,1991.25,HIP56211,27.694001567732162,10.5735359076839,2.11337e+07 au,0.08181548106568806,0.027089088729498535
3.54,173.25107936,-31.85752405,25.23,-209.09,-41.6,11.550071957333333,1991.25,HIP56343,-64.70711126265502,63.85916139919798,8.17538e+06 au,0.48901726500721443,-1.139001465258252
3.11,173.94553448,-63.01982488,7.96,-33.84,-6.87,11.596368965333333,1991.25,HIP56561,-68.06319828276865,147.73843303873727,2.59127e+07 au,0.6250073035484947,-2.197103355406819
3.63,176.40236386,-66.72884344,25.42,-100.42,33.21,11.760157590666667,1991.25,HIP57363,-66.39917770606567,156.72695223531383,8.11427e+06 au,0.5717519257082067,-2.414892497507199
3.69,176.51305887,47.77933701,16.64,-138.38,28.37,11.767537258,1991.25,HIP57399,6.633588954653139,15.759281265163047,1.23957e+07 au,0.14123538501352123,-0.1559351196864792
2.14,177.26615977,14.57233687,90.16,-499.02,-113.78,11.817743984666667,1991.25,Denebola,-25.44204979577489,24.625318568559035,2.28776e+06 au,0.24189935925022069,-0.47066669208526424
3.59,177.67202553,1.76537705,91.74,740.96,-271.18,11.844801702000002,1991.25,HIP57757,-37.7430345923977,28.860383721407207,2.24836e+06 au,0.28021513619086896,-0.6183909780708456
2.41,178.45725536,53.69473296,38.99,107.76,11.16,11.897150357333334,1991.25,Phecda,12.003635481481686,12.952447058583898,5.2902e+06 au,0.11259971959284325,-0.10954836691324565
2.58,182.08976505,-50.72240999,8.25,-47.53,-6.42,12.13931767,1991.25,HIP59196,-77.48111768167108,115.66477020949088,2.50018e+07 au,0.39276846776073276,-1.6814165882798233
3.02,182.53135773,-22.61979211,10.75,-71.52,10.55,12.168757182,1991.25,HIP59316,-62.11757561851602,36.58544024251788,1.91874e+07 au,0.2905618103833731,-0.9921090252976392
3.97,182.9131309,-52.36841559,9.53,-42.17,-18.39,12.194208726666666,1991.25,HIP59449,-77.51257019342401,123.63197672153112,2.16437e+07 au,0.3799519703703347,-1.7414090277984717
2.79,183.78648733,-58.74890179,8.96,-36.68,-10.72,12.252432488666667,1991.25,HIP59747,-74.46439547898765,147.1618356181438,2.30206e+07 au,0.37807592742753654,-2.0001088835328686
3.32,183.85603795,57.03259792,40.05,103.56,7.81,12.257069196666666,1991.25,Megrez,14.549670945566886,9.100631453295481,5.15018e+06 au,0.07784976671411378,-0.0891451113624959
2.58,183.95194937,-17.5419837,19.78,-159.58,22.31,12.263463291333332,1991.25,HIP59803,-57.99716893737161,30.051542487828478,1.04279e+07 au,0.25305811339352774,-0.9096423941907066
3.89,184.97663096,-0.66674709,13.06,-59.14,-23.13,12.331775397333333,1991.25,HIP60129,-42.16680959281261,20.645521045741116,1.57936e+07 au,0.19583168043637592,-0.669857566196245
3.59,185.34088036,-60.40136988,14.3,-171.06,91.82,12.356058690666666,1991.25,HIP60260,-73.77175213478178,153.35074393149637,1.44241e+07 au,0.34552377837130444,-2.0779736509530067
0.77,186.64975585,-63.09905586,10.17,-35.37,-14.73,12.443317056666666,1991.25,Acrux,-71.90632427139894,160.2993756716104,2.02817e+07 au,0.3192129429783338,-2.2134639693701335
3.91,187.01004828,-50.2306048,7.36,-32.49,-12.41,12.467336552,1991.25,HIP60823,-80.63398761823193,117.36298934351632,2.80251e+07 au,0.28433536773972623,-1.6736394350870842
2.94,187.4665965,-16.51509397,37.11,-209.97,-139.3,12.4977731,1991.25,HIP60965,-58.10905043706865,23.41347512844148,5.5582e+06 au,0.19631795262549567,-0.9012932192826288
1.59,187.79137202,-57.11256922,37.09,27.94,-264.33,12.519424801333335,1991.25,Gacrux,-77.11259275418034,148.87701479270007,5.5612e+06 au,0.2822169736113059,-1.933918771830045
3.84,188.11712896,-72.1329759,10.07,-50.59,-5.16,12.541141930666667,1991.25,HIP61199,-63.90909849538285,171.75964676032504,2.04831e+07 au,0.28538618191587994,-2.787510219594851
3.85,188.37101041,69.78820992,6.55,-58.14,11.42,12.558067360666666,1991.25,HIP61281,26.742783341138026,4.567493555947095,3.14908e+07 au,0.03561136286482475,0.015942057780536607
2.65,188.59680864,-23.39662306,23.34,0.86,-56.0,12.573120576,1991.25,HIP61359,-64.98903059125271,25.666112703056694,8.83739e+06 au,0.192588088290943,-1.0203225916681637
2.69,189.29618208,-69.13553358,10.67,-39.87,-12.44,12.619745472,1991.25,HIP61585,-66.87066288223231,170.3072654685982,1.93313e+07 au,0.25986523980255244,-2.571548935199955
3.85,189.42636588,-48.54128816,24.77,-186.61,-6.45,12.628424392,1991.25,HIP61622,-82.57615628960902,108.77068694522747,8.3272e+06 au,0.22888322510779047,-1.6215120233835454
2.2,190.38002079,-48.95988553,25.01,-187.28,-1.2,12.692001386,1991.25,Muhlifein,-83.09136059338252,113.20169891440563,8.24729e+06 au,0.20940860392332536,-1.636206721407567
2.74,190.41667557,-1.44952231,84.53,-616.66,60.66,12.694445038,1991.25,HIP61941,-44.02737878478118,13.569335759807004,2.44014e+06 au,0.1274793361250976,-0.6903273486689074
3.04,191.57029013,-68.10809405,10.48,-40.4,-10.32,12.771352675333333,1991.25,HIP62322,-68.09917246478759,171.56826507002333,1.96818e+07 au,0.20574062438023222,-2.50428911331838
1.25,191.93049537,-59.68873246,9.25,-48.24,-12.82,12.795366357999999,1991.25,Mimosa,-76.09498234157455,162.75730602900856,2.22989e+07 au,0.19127336008275925,-2.0500389889744515
1.76,193.5068041,55.95984301,40.3,111.74,-8.99,12.900453606666668,1991.25,Alioth,12.745974501873363,3.830533985748425,5.11823e+06 au,0.0332564793406183,-0.10687866804068422
3.39,193.90201366,3.39759862,16.11,-471.44,-52.81,12.926800910666666,1991.25,HIP63090,-39.66625109232261,8.093277340689637,1.28035e+07 au,0.07770252235142026,-0.6335975997973724
2.89,194.00767051,38.31824617,29.6,-233.43,54.98,12.933844700666667,1991.25,HIP63125,-4.869153047691613,4.8455261788837465,6.9684e+06 au,0.045773036371518035,-0.266244117914017
2.85,195.54483557,10.95910186,31.9,-275.05,19.96,13.036322371333334,1991.25,HIP63608,-32.258446193510615,5.335594911931844,6.46598e+06 au,0.052382602447015376,-0.5459047957679367
3.61,195.56573968,-71.54879865,35.91,263.58,-23.28,13.037715978666666,1991.25,HIP63613,-65.00423080041992,176.70092514005873,5.74394e+06 au,0.1099338059852685,-2.7409307610361955
2.99,199.7302224,-23.17141246,24.69,68.41,-41.09,13.315348160000001,1991.25,HIP64962,-66.52897092416946,0.8693861452352722,8.35418e+06 au,0.008522821668221098,-1.0270440860798764
2.75,200.15027321,-36.71208109,55.64,-340.76,-87.98,13.343351547333333,1991.25,HIP65109,-80.07065691912416,359.74906757647534,3.70713e+06 au,0.001921722616576418,-1.304898936502502
2.23,200.98091604,54.92541525,41.73,121.23,-22.01,13.398727736000001,1991.25,Mizar,11.565800786745339,359.53516627434976,4.94284e+06 au,-0.0037368606112332635,-0.11774294924533292
0.98,201.2983523,-11.16124491,12.44,-42.5,-31.73,13.419890153333334,1991.25,Spica,-54.5061309493961,358.0069303021523,1.65808e+07 au,-0.015212598218363783,-0.8318948711365197
3.99,201.30589832,54.98799884,40.19,120.35,-16.94,13.420393221333335,1991.25,Alcor,11.630848768983615,359.3455264962258,5.13224e+06 au,-0.005379876424982299,-0.11716597796582384
3.9,202.76111861,-39.40727983,2.6,-15.65,-11.25,13.517407907333334,1991.25,HIP65936,-82.50503277269615,343.9689001319892,7.93326e+07 au,-0.04877296021635015,-1.370022064141438
3.38,203.673978,-0.59593821,44.55,-278.89,48.56,13.5782652,1991.25,HIP66249,-43.84853782621869,355.0832465494888,4.62996e+06 au,-0.043955135107418386,-0.6857967591592609
2.29,204.97196962,-53.46636269,8.68,-14.6,-12.79,13.664797974666667,1991.25,Birdun,-82.4922783336703,202.94652241580343,2.37632e+07 au,-0.10387926934335656,-1.7964116787755395
1.85,206.8856088,49.31330288,32.39,-121.23,-15.56,13.79237392,1991.25,Benetnash,6.1323728602607215,355.6099220265733,6.36816e+06 au,-0.03876034495558418,-0.16579634388615738
3.41,207.3762392,-41.68765971,6.87,-26.01,-20.38,13.825082613333333,1991.25,HIP67464,-82.79766320907945,310.8986623505518,3.0024e+07 au,-0.14145240197785056,-1.4258235502382797
3.47,207.40419934,-42.47368506,6.19,-23.85,-19.22,13.826946622666666,1991.25,HIP67472,-83.324386248846,306.06222095218857,3.33223e+07 au,-0.14306172157808597,-1.4469190677736423
2.68,208.6713175,18.39858742,88.17,-60.95,-358.1,13.911421166666665,1991.25,HIP67927,-24.5051064874982,351.10448591906794,2.3394e+06 au,-0.08477678577916956,-0.4611838105395462
2.55,208.88514539,-47.28826634,8.48,-57.14,-44.75,13.925676359333332,1991.25,HIP68002,-83.95867993583423,260.728345548848,2.43237e+07 au,-0.1804884465228396,-1.5847336649275108
3.83,209.56785278,-42.10070526,7.01,-23.68,-19.82,13.971190185333334,1991.25,HIP68245,-81.84542539886733,300.48143683403475,2.94244e+07 au,-0.18575443007503867,-1.4343636072179233
3.87,209.6698807,-44.8035314,7.81,-27.97,-21.69,13.977992046666666,1991.25,HIP68282,-83.06083373580219,281.9544254702779,2.64103e+07 au,-0.19257155840973433,-1.5096010655679981
0.61,210.95601898,-60.3729784,6.21,-33.96,-25.06,14.063734598666667,1991.25,Hadar,-74.86849781844299,201.0114698230308,3.32149e+07 au,-0.24746241502002533,-2.0802236329022383
3.67,211.09760837,64.37580873,10.56,-56.52,17.19,14.073173891333333,1991.25,Thuban,21.34964884053986,354.9737021282785,1.95327e+07 au,-0.04080488896768601,-0.031213047940727753
3.25,211.59278733,-26.68201883,32.17,43.05,-140.82,14.106185821999999,1991.25,HIP68895,-68.06308927400406,331.5514111093258,6.41171e+06 au,-0.19407588554766397,-1.081947491919618
2.06,211.67218608,-36.36869575,53.52,-519.29,-517.87,14.111479072,1991.25,Menkent,-76.58511405477506,315.87227053211814,3.85398e+06 au,-0.2154523207253013,-1.287208311162814
-0.05,213.91811403,19.18726997,88.85,-1093.45,-1999.4,14.261207602,1991.25,Arcturus,-23.018027093761564,345.868516942715,2.32149e+06 au,-0.1357029101339677,-0.445363480325331
3.55,214.85096972,-46.05808391,9.27,-12.81,-3.79,14.323397981333333,1991.25,HIP69996,-79.8014721117441,267.975770012555,2.22508e+07 au,-0.302491136055661,-1.5383408131243521
3.57,217.95774098,30.37114497,21.92,-100.44,120.22,14.530516065333334,1991.25,HIP71053,-11.313756473874149,344.3966666093934,9.40989e+06 au,-0.14800885000134517,-0.3256848024925744
3.04,218.01982421,38.30788348,38.29,-115.55,151.87,14.534654947333333,1991.25,HIP71075,-3.5483923808749496,346.05287649973025,5.38691e+06 au,-0.1293273913978151,-0.25161430905444104
2.33,218.87688163,-42.15774562,10.57,-35.31,-32.44,14.591792108666668,1991.25,Marfikent,-75.88130920379093,281.7643707638114,1.95142e+07 au,-0.3727820311014458,-1.4176119503015967
1.35,219.91412833,-60.83947139,742.12,-3600.35,952.11,14.660941888666667,1991.25,HIP71681,-71.7658936765612,211.8602937171346,2.7794e+05 au,-0.4569960018062799,-2.0933844127596815
-0.01,219.92041034,-60.83514707,742.12,-3678.19,481.84,14.661360689333332,1991.25,Toliman,-71.7640952960165,211.8650309212384,2.7794e+05 au,-0.4571097195314775,-2.0933835527826834
3.78,220.28716819,13.72833113,18.07,52.36,-12.71,14.685811212666666,1991.25,HIP71795,-26.961581227649834,337.95158230823324,1.14148e+07 au,-0.21377506589204406,-0.4885553315397662
2.3,220.48239101,-47.38814127,5.95,-21.15,-24.22,14.698826067333332,1991.25,Men,-76.1088447473238,259.53606963949045,3.46664e+07 au,-0.42558044824955604,-1.5664988318247497
3.18,220.62785433,-64.97456957,60.97,-192.64,-234.07,14.708523622,1991.25,HIP71908,-68.55604576325779,204.02855441943976,3.38305e+06 au,-0.4844852577833367,-2.311862634580171
3.87,220.76484284,-5.6574291,53.54,104.23,-319.9,14.717656189333333,1991.25,HIP71957,-45.30804142250738,330.07960629257025,3.85254e+06 au,-0.27857755624260244,-0.7209595499253142
2.35,221.24687869,27.07417383,15.55,-50.65,20.0,14.749791912666666,1991.25,Izar,-13.840513729540092,340.7295481729083,1.32646e+07 au,-0.18447389753564813,-0.34968190251589054
3.73,221.56246594,1.8929383,25.35,-116.04,-21.75,14.770831062666668,1991.25,HIP72220,-37.91819692284421,332.42583997941693,8.13668e+06 au,-0.2643721332668271,-0.6209777237357053
3.83,221.96552567,-79.04471242,7.93,-5.67,-15.75,14.797701711333334,1991.25,HIP72370,-56.60788250853547,187.46822028954375,2.60107e+07 au,-0.4609810095831218,-3.4494065203557507
2.07,222.67664751,74.15547596,25.79,-32.29,11.91,14.845109834,1991.25,Kochab,31.757645867039166,352.97629726148153,7.99786e+06 au,-0.05241557970886833,0.060488857199287774
2.75,222.71990536,-16.04161047,42.25,-105.69,-69.0,14.847993690666668,1991.25,HIP72622,-54.08763865802677,320.9666985080955,4.88201e+06 au,-0.3430869016806878,-0.8661928926394419
2.68,224.63314193,-43.13386699,6.23,-34.06,-38.3,14.975542795333332,1991.25,HIP73273,-72.33002058382134,272.56569536698737,3.31083e+07 au,-0.4942275553216761,-1.4270608710383317
3.13,224.79041254,-42.10414199,6.05,-17.76,-21.33,14.986027502666667,1991.25,HIP73334,-71.84564249376646,275.54495775305094,3.40934e+07 au,-0.49253057990737475,-1.3978222905549922
3.49,225.48663804,40.39063671,14.91,-40.2,-29.22,15.032442536,1991.25,HIP73555,-0.07354435683048055,340.99287005520495,1.3834e+07 au,-0.1749373949323245,-0.21622259315895484
3.25,226.01775793,-25.28185602,11.17,-71.85,-44.69,15.067850528666666,1991.25,HIP73714,-60.31783768212271,307.0660296028981,1.8466e+07 au,-0.43516518688233324,-1.0122406185668107
3.91,226.27960699,-47.05119386,6.56,-23.39,-21.11,15.085307132666665,1991.25,HIP73807,-72.15970867922626,259.15250016670467,3.14428e+07 au,-0.5482273441854653,-1.5382860389885609
3.88,227.98400434,-48.73770212,17.89,-96.52,-47.97,15.198933622666667,1991.25,HIP74376,-71.20734489315024,253.41965694459938,1.15296e+07 au,-0.5941464510782698,-1.5870380441152463
3.41,228.07167982,-52.09907465,28.06,-113.94,-71.0,15.204778654666667,1991.25,HIP74395,-71.10883432046593,243.00193507030343,7.35085e+06 au,-0.6140524427798097,-1.7048328247947486
3.46,228.87543241,33.31510222,27.94,84.84,-110.57,15.258362160666668,1991.25,HIP74666,-5.942692437991896,336.19295572364956,7.38242e+06 au,-0.22481032157288566,-0.2690816501733436
2.61,229.25196591,-9.38286694,20.38,-96.39,-20.76,15.283464394,1991.25,HIP74785,-45.23635543067713,316.9972700113073,1.01209e+07 au,-0.4100212555083092,-0.7390026168445788
2.87,229.72787007,-68.67946723,17.85,-66.48,-32.0,15.315191338,1991.25,HIP74946,-63.415418506015946,203.76789853982956,1.15555e+07 au,-0.7132745507696256,-2.542550366485774
3.0,230.1822884,71.83397308,6.79,-18.03,17.68,15.345485893333334,1991.25,HIP75097,30.37035546506371,349.6216689058687,3.03777e+07 au,-0.07846014024856236,0.050074180928674085
3.22,230.34306833,-40.64745946,6.39,-19.11,-24.05,15.356204555333333,1991.25,HIP75141,-67.44954974327904,274.4455724519952,3.22793e+07 au,-0.5976184497054066,-1.3358404932810184
3.57,230.45181856,-36.26116729,9.99,-91.85,-86.03,15.363454570666667,1991.25,HIP75177,-65.18478032878984,283.81577241962214,2.06471e+07 au,-0.5735535308111189,-1.22433683487099
3.37,230.67036465,-44.68957314,6.47,-20.25,-20.13,15.37802431,1991.25,HIP75264,-68.66837595986055,264.09638767296406,3.18802e+07 au,-0.6289119777581166,-1.448629451348095
3.29,231.2324337,58.96602354,31.92,-8.27,17.3,15.41549558,1991.25,HIP75458,18.663753246289822,343.7145158620747,6.46193e+06 au,-0.13544732841813903,-0.04838502542095239
3.66,231.95771631,29.10549164,28.6,-181.39,86.84,15.463847754,1991.25,HIP75695,-8.963134904906008,332.2207874983731,7.21206e+06 au,-0.26601552330741335,-0.2963088853651941
2.22,233.67162293,26.71491041,43.65,120.38,-89.44,15.578108195333334,1991.25,Gemma,-10.607335883587165,329.880062019105,4.72542e+06 au,-0.29067104675192046,-0.31142297315910267
3.8,233.7007926,10.53885916,15.54,-72.63,3.17,15.58005284,1991.25,HIP76276,-25.412931021658608,323.00784362759686,1.32732e+07 au,-0.3680348611459038,-0.4719724131832874
2.8,233.78525156,-41.16669497,5.75,-16.05,-25.52,15.585683437333334,1991.25,HIP76297,-65.30713676738004,270.5385444324137,3.58721e+07 au,-0.6712834823730901,-1.3332150790402946
3.91,233.88141398,-14.78955365,21.42,65.67,6.93,15.592094265333333,1991.25,HIP76333,-47.49514164570262,307.30984903664637,9.62954e+06 au,-0.5054071353245777,-0.7950090672752892
3.6,234.25607748,-28.13507099,16.76,-13.26,-3.48,15.617071831999999,1991.25,HIP76470,-57.537482645934645,292.71844512314624,1.2307e+07 au,-0.5933206786143485,-1.0265853404417653
3.66,234.66410153,-29.77768935,7.33,-22.1,-26.54,15.644273435333334,1991.25,HIP76600,-58.397302469415,289.99471503992055,2.81398e+07 au,-0.6113408473761228,-1.0576630229965622
3.81,235.68599269,26.29551419,22.48,-112.52,50.7,15.712399512666668,1991.25,HIP76952,-10.277525802252757,328.03088287120113,9.17548e+06 au,-0.3091932328695583,-0.3066719615029708
2.63,236.06664914,6.42551971,44.54,134.66,44.14,15.737776609333334,1991.25,HIP77070,-28.080163457062657,318.6295213689851,4.631e+06 au,-0.41504764163171265,-0.5050592574709949
3.65,236.54672877,15.42192602,21.31,68.54,-41.31,15.769781918,1991.25,HIP77233,-19.813906323880673,322.5494212282672,9.67925e+06 au,-0.3721001402203834,-0.40690901090738063
3.54,237.40527375,-3.43014112,20.94,-98.07,-27.41,15.82701825,1991.25,HIP77516,-36.05228319873633,311.5993792240155,9.85028e+06 au,-0.48708745453477126,-0.6152488648578616
3.71,237.70371344,4.4775798,46.39,127.98,61.87,15.846914229333333,1991.25,HIP77622,-29.03786358512469,315.9518434935069,4.44632e+06 au,-0.44436456062565993,-0.5180166964156778
3.97,237.7397573,-33.62710488,15.86,-5.92,-24.91,15.849317153333335,1991.25,HIP77634,-58.783205932747265,281.0894277364648,1.30053e+07 au,-0.6952825464336804,-1.1226865711221257
2.83,238.78670013,-63.42974973,81.24,-188.45,-401.92,15.919113342000001,1991.25,HIP77952,-62.86627786753751,217.89128591572202,2.53896e+06 au,-0.9360579703061548,-2.2006712060171556
3.85,239.11247598,15.66473327,89.92,311.2,-1282.17,15.940831732,1991.25,HIP78072,-18.5061452181513,320.3125510557351,2.29387e+06 au,-0.39563733808259033,-0.3911305080899703
3.87,239.22119438,-29.21401221,7.97,-15.2,-25.1,15.948079625333332,1991.25,HIP78104,-55.04816604551562,285.9846624239898,2.58802e+07 au,-0.6891359312184973,-1.0177525328901953
2.89,239.71300283,-26.1140428,7.1,-12.0,-25.71,15.980866855333334,1991.25,HIP78265,-52.637910470791475,289.37147023054337,2.90514e+07 au,-0.6741966064020204,-0.95292585125586
3.42,240.03058543,-38.39664079,6.61,-16.58,-27.06,16.002039028666665,1991.25,HIP78384,-59.77806844254862,271.2558497685284,3.1205e+07 au,-0.7777397109824669,-1.2234601383178652
2.29,240.08338225,-22.62162024,8.12,-8.67,-36.9,16.005558816666667,1991.25,Dschubba,-49.918452665449976,292.91679916569325,2.54021e+07 au,-0.654180878677585,-0.8858538947155433
2.56,241.35931206,-19.80539286,6.15,-6.75,-24.89,16.090620804,1991.25,HIP78820,-47.03777297895819,294.460482342603,3.3539e+07 au,-0.653606242264675,-0.8281758563346151
3.93,241.70180197,-20.66913479,7.7,-10.55,-23.73,16.113453464666666,1991.25,HIP78933,-47.464151506014176,293.2570102586755,2.67876e+07 au,-0.6656457315227731,-0.8403733463508325
4.0,242.99891879,-19.46064684,7.47,-9.7,-25.25,16.199927919333334,1991.25,HIP79374,-45.75061934382282,293.1265054314634,2.76124e+07 au,-0.676803723249334,-0.8104598198556227
2.73,243.58652601,-3.69397562,19.16,-45.83,-142.91,16.239101734,1991.25,HIP79593,-32.94454326376617,305.12192886669476,1.07654e+07 au,-0.5670577508711747,-0.5782626375600629
3.86,243.85944228,-63.68564897,5.25,3.51,-13.49,16.257296152,1991.25,HIP79664,-60.6320534189721,218.78368047803434,3.92885e+07 au,-1.072186822058327,-2.2053267584220277
3.23,244.58016994,-4.69260809,30.34,82.39,40.08,16.305344662666666,1991.25,HIP79882,-33.199502641893496,303.4714414049692,6.79844e+06 au,-0.586820309218582,-0.5837218070428674
3.91,244.93519958,46.31327084,10.37,-13.15,39.31,16.329013305333334,1991.25,HIP79992,10.924390824554939,330.31903459055553,1.98905e+07 au,-0.26209525242758125,-0.10238989082075015
2.9,245.29717718,-25.59275259,4.44,-10.03,-18.03,16.353145145333333,1991.25,HIP80112,-48.61377889081249,284.55222394724655,4.6456e+07 au,-0.7658043365028707,-0.9017450932408014
3.74,245.48018203,19.15302185,16.69,-47.44,44.61,16.365345468666668,1991.25,HIP80170,-12.527448134262773,316.51635291643555,1.23586e+07 au,-0.4325950302667873,-0.3208086322741523
2.73,245.99794523,61.51407536,37.18,-16.98,56.68,16.399863015333334,1991.25,HIP80331,24.278420126772037,337.9874710252371,5.54774e+06 au,-0.1761222191705823,0.007637236637282548
1.06,247.35194804,-26.43194608,5.4,-10.16,-23.21,16.490129869333334,1991.25,Antares,-47.80059558577859,281.7640479523649,3.81972e+07 au,-0.8088530096800819,-0.900971239231318
2.78,247.55525697,21.4896485,22.07,-98.43,-14.49,16.503683798,1991.25,HIP80816,-9.527977584067331,316.014109416478,9.34594e+06 au,-0.43471668071441766,-0.2869056770009624
3.82,247.72850509,1.98410056,19.63,-31.37,-73.0,16.515233672666668,1991.25,HIP80883,-25.921111161977635,304.86602906890073,1.05076e+07 au,-0.5748988010261177,-0.4800381743246254
3.86,248.36443409,-78.89695917,20.44,-125.68,-77.59,16.557628939333334,1991.25,HIP81065,-53.271856452673276,193.97901237970794,1.00912e+07 au,-1.05943755679343,-3.5579230723052757
2.82,248.97066423,-28.21596156,7.59,-8.59,-22.5,16.598044282,1991.25,HIP81266,-47.86350306524936,278.3520386641843,2.71759e+07 au,-0.8545678848550646,-0.9222943161333219
2.54,249.28970847,-10.5671518,7.12,13.07,25.44,16.619313897999998,1991.25,HIP81377,-35.0497147405163,294.68677518479325,2.89698e+07 au,-0.6956375136906858,-0.6246249381068192
2.81,250.32282132,31.60188695,92.63,-462.58,345.05,16.688188088,1991.25,HIP81693,0.39810291202299425,319.1694501931866,2.22676e+06 au,-0.38673569014826503,-0.18643770204409063
3.48,250.72391068,38.92246103,29.11,35.58,-84.98,16.714927378666665,1991.25,HIP81833,6.775367216969902,322.7792610790804,7.0857e+06 au,-0.33971152783551856,-0.12935408716593386
1.91,252.16610742,-69.02763503,7.85,17.85,-32.92,16.811073828,1991.25,Atria,-56.09099382743938,210.47996128506168,2.62758e+07 au,-1.3196670592139639,-2.5742818239766665
3.77,252.44629764,-59.04131648,10.41,39.59,-25.28,16.829753176,1991.25,HIP82363,-57.051782602619376,228.57752253384243,1.98141e+07 au,-1.2734139789012378,-1.9089881818663887
2.29,252.54268738,-34.29260982,49.85,-611.83,-255.87,16.836179158666667,1991.25,Wei,-49.05394825321698,268.2513115143989,4.13771e+06 au,-0.9862960272605984,-1.0224716251897168
3.0,252.96766195,-38.04732717,3.97,-8.84,-21.6,16.864510796666668,1991.25,HIP82514,-50.74613398640525,263.0220370401513,5.19559e+07 au,-1.039048258692386,-1.1121374975269187
3.56,253.08397295,-38.01747781,6.31,-12.92,-23.8,16.872264863333335,1991.25,HIP82545,-50.651962401966166,262.99023282099904,3.26886e+07 au,-1.0411037955303875,-1.110254777527499
3.62,253.64627156,-42.36075916,21.67,-126.55,-227.77,16.909751437333334,1991.25,HIP82729,-52.300082524165504,256.4959423361978,9.51845e+06 au,-1.1063244181553926,-1.227295931298984
3.19,254.41779418,9.37505626,37.99,-293.03,-9.7,16.961186278666666,1991.25,HIP83000,-16.056364469931633,303.54489568851807,5.42945e+06 au,-0.5862495102897458,-0.34945682993321125
3.12,254.65512817,-55.99005508,5.68,-18.31,-35.29,16.977008544666667,1991.25,HIP83081,-55.61995801586695,233.88894896690508,3.63142e+07 au,-1.3011825835339705,-1.7402626573931568
3.92,255.07252582,30.92633926,20.04,-47.68,26.89,17.004835054666668,1991.25,HIP83207,2.046173865045286,315.3930377461548,1.02927e+07 au,-0.42240368363313224,-0.16253619581668985
3.17,257.19677111,65.71463676,9.6,-20.76,19.15,17.146451407333334,1991.25,HIP83895,30.620405022066816,336.4007308514162,2.14859e+07 au,-0.17861595211874906,0.06615169096808139
2.43,257.59442659,-15.72514757,38.77,41.16,97.65,17.172961772666667,1991.25,Sabik,-33.50591062871699,283.2280670359955,5.32022e+06 au,-0.8625070321378882,-0.6201290055618087
3.32,258.038233,-43.23849039,45.56,22.01,-287.41,17.202548866666667,1991.25,HIP84143,-49.77008855736507,253.0252169430029,4.52732e+06 au,-1.2170990647373572,-1.2115819429359798
2.78,258.66192687,14.39025314,8.53,-6.71,32.78,17.244128458,1991.25,HIP84345,-9.557810485026145,303.11395088255324,2.41811e+07 au,-0.5818449393624792,-0.26790473887608784
3.12,258.75801735,24.83958739,41.55,-21.14,-157.68,17.25053449,1991.25,HIP84379,-1.0642616502671087,309.2289577723025,4.96426e+06 au,-0.4943884538840013,-0.18252371040039633
3.16,258.76189282,36.80915527,8.89,-27.35,2.7,17.250792854666667,1991.25,HIP84380,8.615804508698616,316.2945751090397,2.32019e+07 au,-0.3990055459343326,-0.09801703810843103
3.27,260.50243371,-24.99948797,5.79,-8.84,-23.64,17.366828914,1991.25,HIP84970,-37.91151627180289,272.62116837654526,3.56243e+07 au,-1.0179506201936543,-0.7423245204101081
2.84,261.32498828,-55.52982397,5.41,-8.23,-24.71,17.421665885333333,1991.25,HIP85258,-51.84749180328608,233.50601144098923,3.81266e+07 au,-1.4803215858874061,-1.6688795254367457
3.31,261.34858274,-56.37768824,2.87,-0.77,-15.85,17.423238849333334,1991.25,HIP85267,-52.01809094761009,232.15909720565674,7.18693e+07 au,-1.4930262861948775,-1.7119384790686958
2.79,262.60823708,52.30135901,9.02,-15.59,11.57,17.50721580533333,1991.25,HIP85670,22.427762650299158,324.1232842403688,2.28675e+07 au,-0.29440018654380995,0.015283972710513263
2.7,262.69099501,-37.29574016,6.29,-4.19,-29.14,17.512733000666667,1991.25,HIP85696,-43.77594799863999,258.08777164200865,3.27925e+07 au,-1.2318795480611426,-0.9878519474732697
3.6,262.77490395,-60.68360667,17.42,-53.65,-99.37,17.51832693,1991.25,HIP85727,-52.01711625998424,225.0555981801434,1.18407e+07 au,-1.592167180035869,-1.9481906698451776
2.84,262.96050661,-49.87598159,13.46,-31.27,-67.15,17.530700440666667,1991.25,HIP85792,-49.25979667582677,241.57559277079986,1.53243e+07 au,-1.4382446034089655,-1.3978424212679919
1.62,263.40219373,-37.10374835,4.64,-8.9,-29.95,17.56014624866667,1991.25,Shaula,-43.19526300322342,257.8906492277663,4.44536e+07 au,-1.243833921353078,-0.974075746997562
2.08,263.73335321,12.56057584,69.84,110.08,-222.61,17.582223547333335,1991.25,Rasalhague,-8.01246194017805,298.0246584904952,2.95339e+06 au,-0.6408982147372193,-0.2383471273733681
1.86,264.32969072,-42.99782155,11.99,6.06,-0.95,17.621979381333333,1991.25,Sargas,-45.56311454380591,250.2702673252191,1.72031e+07 au,-1.3591225150117832,-1.1335815225190382
3.54,264.39677181,-15.39840835,30.93,-39.3,-61.27,17.626451454,1991.25,HIP86263,-28.684868846040683,278.0302281499635,6.66876e+06 au,-0.955297104316215,-0.5380683274773419
3.82,264.86621847,46.00632216,6.58,-7.17,3.97,17.657747898,1991.25,HIP86414,18.652317256845407,318.51724490068597,3.13472e+07 au,-0.3528419640473063,-0.00642007091144425
2.39,265.62199908,-39.02992092,7.03,-6.49,-25.55,17.708133272,1991.25,HIP86670,-42.742392146343505,254.39088650258626,2.93407e+07 au,-1.3222965265046112,-0.9982785171054934
2.76,265.86823714,4.56691684,39.78,-40.67,158.8,17.724549142666667,1991.25,HIP86742,-12.87608480195393,291.23007414072237,5.18514e+06 au,-0.7406935090371013,-0.2880552429323602
3.61,266.43334347,-64.7237345,8.79,-11.08,-56.37,17.762222898,1991.25,HIP86929,-50.81171707994756,218.3136785103479,2.34658e+07 au,-1.7511567535308332,-2.213477071925129
3.42,266.61549553,27.72249917,119.05,-291.42,-750.0,17.774366368666666,1991.25,HIP86974,5.509309654103219,305.3990541086178,1.73259e+06 au,-0.5188152423077736,-0.10131585386612416
2.99,266.89617137,-40.12698197,1.82,0.44,-6.4,17.79307809133333,1991.25,HIP87073,-42.47628080539614,252.42354575270312,1.13332e+08 au,-1.3691363641958723,-1.013021964299447
3.75,266.97322515,2.70745875,34.42,-23.15,-75.12,17.79821501,1991.25,HIP87108,-13.584695581233124,289.13000486253827,5.99259e+06 au,-0.7714361271592567,-0.2937982865921476
3.19,267.4643802,-37.04337105,25.71,42.09,27.77,17.83095868,1991.25,HIP87261,-40.4483333461172,255.58031938505025,8.02275e+06 au,-1.3282459190208518,-0.919556875990125
3.73,268.38178961,56.87245216,29.26,93.65,78.44,17.892119307333335,1991.25,HIP87585,28.040643523248914,324.9416921375819,7.04938e+06 au,-0.2736371698683042,0.06457295157287148
3.86,269.06324389,37.25052158,4.87,2.74,7.24,17.937549592666667,1991.25,HIP87808,14.12272051492358,310.0512593436617,4.23542e+07 au,-0.44477376261344853,-0.02644984000970997
2.24,269.15157439,51.48895101,22.1,-8.52,-23.05,17.943438292666666,1991.25,Etamin,24.590136215981214,320.30187208864885,9.33325e+06 au,-0.320961295926739,0.044342977495488135
3.7,269.44096106,29.24792527,24.12,82.33,-18.73,17.962730737333334,1991.25,HIP87933,8.279235593213727,304.46559237907394,8.55161e+06 au,-0.5200159895057811,-0.0687829964418868
3.32,269.75665662,-9.77334973,21.35,-10.31,-116.12,17.983777108,1991.25,HIP88048,-21.007860534788808,278.2172760890932,9.66112e+06 au,-0.9522379356268027,-0.3953638784660414
3.93,270.16131466,2.93158759,2.3,0.41,-8.22,18.010754310666666,1991.25,HIP88192,-11.332028454009343,286.8136637911142,8.96804e+07 au,-0.7989088344600088,-0.25548746009456136
2.98,271.45218586,-30.42365007,33.94,-55.75,-181.53,18.096812390666667,1991.25,HIP88635,-33.87293385319024,259.84424348534503,6.07734e+06 au,-1.2921318392157026,-0.7044197521963866
3.65,271.65782832,-50.09145462,3.22,-8.43,-9.26,18.110521888,1991.25,HIP88714,-44.18248528451834,238.14841701326202,6.40574e+07 au,-1.6777921485366007,-1.305093149190316
3.71,271.8375861,9.56365345,39.4,-61.6,79.71,18.12250574,1991.25,HIP88771,-5.233963380856471,289.9418457639078,5.23515e+06 au,-0.7371183386473961,-0.17978854826699225
3.84,271.88562824,28.76247025,9.39,-0.17,7.51,18.125708549333336,1991.25,HIP88794,9.31289054929278,302.51017627759495,2.19664e+07 au,-0.5370746426693618,-0.05114473199883676
3.84,273.44086963,-21.05883031,0.11,1.72,-1.39,18.229391308666667,1991.25,HIP89341,-26.409035414739126,266.71598745578757,1.87513e+09 au,-1.1669822046393403,-0.5007533707892622
3.1,274.4072049,-36.76128103,21.87,-129.27,-166.61,18.29381366,1991.25,HIP89642,-35.71807896144006,251.87547690264944,9.4314e+06 au,-1.4698236672581606,-0.8086535515130382
2.72,275.24842337,-29.82803914,10.67,29.96,-26.38,18.349894891333335,1991.25,HIP89931,-30.941182823651552,257.9544490611365,1.93313e+07 au,-1.3505422892054424,-0.6320033612162782
3.55,275.25974572,72.73369763,124.11,531.08,-351.59,18.350649714666666,1991.25,HIP89937,39.952425609563576,338.07366975726364,1.66195e+06 au,-0.14969133349027766,0.1466122861240876
3.23,275.32883578,-2.897122,52.81,-547.57,-700.72,18.35525571866667,1991.25,HIP89962,-12.213977013872645,278.908230754572,3.90579e+06 au,-0.9210259630496356,-0.24600941826704356
3.85,275.92402821,21.77034249,25.4,195.54,-242.92,18.394935214,1991.25,HIP90139,6.523922703254421,295.0585997151696,8.12066e+06 au,-0.6295013750446365,-0.05370299202911108
1.79,276.04310967,-34.3843146,22.55,-39.61,-124.05,18.402873978,1991.25,Kaus Australis,-33.236528895976214,253.23987096933806,9.147e+06 au,-1.4552699427786242,-0.7212914389964743
3.49,276.74345947,-45.96832919,13.08,-16.68,-53.33,18.449563964666666,1991.25,HIP90422,-39.26099823663962,240.93268942432604,1.57695e+07 au,-1.7259066871114237,-1.0624254166870173
2.82,276.99278955,-25.42124732,42.2,-44.81,-186.29,18.46618597,1991.25,HIP90496,-26.91063992508287,260.64516382151356,4.88779e+06 au,-1.29786984424986,-0.5179362652025858
3.85,278.80182442,-8.24330819,18.72,-18.98,-314.63,18.58678829466667,1991.25,HIP91117,-13.724310663821445,272.56313185671326,1.10184e+07 au,-1.0328641082928784,-0.250714277487335
0.03,279.23410832,38.78299311,128.93,201.02,287.46,18.615607221333335,1991.25,Vega,20.77259403501646,305.09856122844457,1.59982e+06 au,-0.46735980692622514,0.056580599757555826
3.17,281.41397083,-26.9907794,14.14,51.15,0.45,18.760931388666666,1991.25,HIP92041,-24.974626595528637,256.4180473401289,1.45873e+07 au,-1.4007228445577444,-0.4686050420196013
3.52,282.51997462,33.36267788,3.7,1.1,-4.46,18.83466497466667,1991.25,HIP92420,18.922743537206955,298.989299682632,5.57472e+07 au,-0.5330584373285681,0.06339475941451866
2.05,283.81631956,-26.29659428,14.54,13.87,-52.65,18.92108797066667,1991.25,Nunki,-22.912928598179622,255.41596030420462,1.4186e+07 au,-1.4248387672710483,-0.4106139985462132
3.52,284.43241556,-21.10662433,8.76,34.91,-12.33,18.96216103733333,1991.25,HIP93085,-18.96101684516914,259.0693288288664,2.35462e+07 au,-1.3256098458424783,-0.31517699996700616
3.25,284.73593568,32.68955312,5.14,-2.76,1.77,18.982395712000002,1991.25,HIP93194,19.801157953600896,297.11326270624744,4.01293e+07 au,-0.5468740618632997,0.08097812531963716
2.6,285.65301428,-29.88011429,36.61,-14.1,3.66,19.043534285333333,1991.25,HIP93506,-24.093990067087283,251.32631232451658,5.63411e+06 au,-1.5363650164632867,-0.44138209709879156
3.76,286.17055765,-21.74135451,23.49,76.26,-58.08,19.078037176666665,1991.25,HIP93683,-18.232457121114084,257.40394050411277,8.78096e+06 au,-1.3624386663398749,-0.2911484092817182
2.99,286.3525518,13.86370983,39.18,-7.04,-95.31,19.09017012,1991.25,HIP93747,7.513633007896016,282.321474831017,5.26454e+06 au,-0.7767469904574885,0.02169736118174807
3.43,286.56229139,-4.88233456,26.05,-19.68,-90.37,19.10415275933333,1991.25,HIP93805,-5.967305677571289,269.2642861218115,7.91804e+06 au,-1.0527377479723394,-0.09627418423500819
3.32,286.73517629,-27.66981416,27.09,-50.79,-250.51,19.115678419333335,1991.25,HIP93864,-21.91383739310293,252.42343197385827,7.61406e+06 au,-1.5024535083508435,-0.3768594896531065
2.88,287.44097404,-21.02352534,7.41,-1.17,-36.83,19.162731602666668,1991.25,HIP94141,-16.883551867146426,257.0834773229234,2.7836e+07 au,-1.3642419925385223,-0.255782743701792
3.07,288.13814581,67.66131695,32.54,94.49,92.3,19.209209720666667,1991.25,HIP94376,41.575596128375565,329.54571851417916,6.33881e+06 au,-0.2036610843602908,0.1759535340129574
3.8,289.27545794,53.36816064,26.48,60.22,122.93,19.285030529333334,1991.25,HIP94779,35.28444833876422,313.10231891804955,7.78946e+06 au,-0.340963065046128,0.16378124999960625
3.92,290.41823037,-17.84725155,26.79,-26.95,22.24,19.361215358,1991.25,HIP95168,-12.653896191047554,257.3719158786777,7.69932e+06 au,-1.3329969730033464,-0.15460880036785193
3.96,290.65952718,-44.45891013,8.62,7.31,-22.43,19.377301812,1991.25,HIP95241,-30.287651957891327,235.8131746369375,2.39286e+07 au,-2.0563814999672623,-0.7305004419069152
3.96,290.97146411,-40.61564629,19.2,32.67,-120.81,19.398097607333334,1991.25,HIP95347,-27.727739131419042,239.10027570027682,1.0743e+07 au,-1.9394581736542957,-0.590701842007004
3.36,291.37396941,3.11457923,65.05,253.06,80.67,19.424931293999997,1991.25,HIP95501,3.148105428608332,271.26879013178194,3.17087e+06 au,-0.9569292471326192,0.03673253491966087
3.76,292.42641389,51.72946747,26.63,20.92,128.12,19.49509425933333,1991.25,HIP95853,36.02568917009029,310.1374444026882,7.74558e+06 au,-0.3596063679720043,0.18095513299849483
3.05,292.68035529,27.9596948,8.46,-7.09,-5.63,19.512023686000003,1991.25,Albireo,21.610023526368476,288.4237262359666,2.43812e+07 au,-0.6206037013350771,0.1461049123826017
2.86,296.24350878,45.13069195,19.07,43.22,48.44,19.749567252000002,1991.25,HIP97165,34.55531151799999,301.66659939922846,1.08162e+07 au,-0.4300278952432407,0.20218481035035565
2.72,296.56487567,10.61326869,7.08,15.72,-3.08,19.770991711333334,1991.25,HIP97278,12.123175006781125,272.75132669190225,2.91334e+07 au,-0.8635345386923217,0.14889899529515427
3.68,296.84693842,18.53425912,7.28,-4.58,11.1,19.789795894666668,1991.25,HIP97365,17.920926459094947,278.34910963984066,2.83331e+07 au,-0.7503113287730996,0.174073395864348
3.84,297.04255658,70.26783533,22.4,80.18,39.02,19.80283710533333,1991.25,HIP97433,45.43231153128417,331.53407044835524,9.20825e+06 au,-0.18022049743106774,0.20658574103241403
0.76,297.6945086,8.86738491,194.44,536.82,385.54,19.846300573333334,1991.25,Altair,11.651352607959922,270.6915209653474,1.06082e+06 au,-0.8938147010687478,0.16055409014103547
3.87,298.11818257,1.00567827,2.78,6.94,-7.3,19.874545504666667,1991.25,HIP97804,6.2369717214528615,264.89899665959985,7.4196e+07 au,-1.0254788228680245,0.13846466781588637
3.71,298.82819233,6.40793334,72.95,46.35,-481.32,19.921879488666665,1991.25,HIP98036,10.64660079044729,268.1270012348874,2.82748e+06 au,-0.9367531383788081,0.17059551510523574
3.89,299.07665069,35.08349079,23.4,-34.0,-27.6,19.938443379333332,1991.25,HIP98110,30.37388544094212,290.5297373162453,8.81474e+06 au,-0.5434548944352319,0.22092011864858166
3.51,299.68911516,19.49209287,11.9,64.37,22.58,19.979274343999997,1991.25,HIP98337,20.520244539621547,277.10299926680335,1.73332e+07 au,-0.742077260788564,0.21291224047818982
3.97,300.14747226,-72.91018443,30.73,80.54,-131.34,20.009831484,1991.25,HIP98495,-41.280385787131706,202.71556411138036,6.71216e+06 au,-3.1162053923445425,-3.289302275788249
3.55,302.17441713,-66.17932101,163.73,1210.29,-1130.34,20.144961142,1991.25,HIP99240,-37.37535800741964,209.85235347860106,1.25979e+06 au,-3.3255173076075515,-2.1865785124769728
3.24,302.82610327,-0.82147569,11.36,35.48,6.05,20.188406884666666,1991.25,HIP99473,8.101734764440742,260.16892403845065,1.81571e+07 au,-1.0767156923041235,0.21748141054113249
3.8,303.40792782,46.74132417,2.41,4.2,1.87,20.227195188,1991.25,HIP99675,39.63306723994048,300.07587537840584,8.55871e+07 au,-0.41206658492083115,0.2554123274309547
3.96,303.8679927,47.7142053,2.94,3.88,1.2,20.25786618,1991.25,HIP99848,40.382454816373304,300.98274979920603,7.01581e+07 au,-0.4013639686687888,0.2578615683971307
3.58,304.5134103,-12.54485877,30.01,61.78,2.85,20.300894019999998,1991.25,HIP100064,0.5170524810986666,251.04268102979768,6.8732e+06 au,-1.333565303208476,0.20225755403536827
3.05,305.25269347,-14.78140119,9.48,48.42,14.0,20.350179564666668,1991.25,HIP100345,-0.6788321012289406,249.02109712815312,2.17579e+07 au,-1.3928367675674207,0.20670175905851784
2.23,305.55708346,40.2566815,2.14,2.43,-0.93,20.370472230666667,1991.25,Sadr,37.55778422960917,291.9632961031003,9.63854e+07 au,-0.4822471011568394,0.27884654134918274
1.94,306.41187347,-56.73488071,17.8,7.71,-86.15,20.427458231333333,1991.25,Peacock,-30.139428708487376,217.56340414228552,1.15879e+07 au,-3.164495149907109,-0.9997841636419083
3.64,309.38695734,14.59520289,33.49,118.28,-47.65,20.625797155999997,1991.25,HIP101769,23.75201949859898,266.3338855541379,6.159e+06 au,-0.8183300779530039,0.3471770578089681
3.11,309.39162365,-47.29166239,32.21,49.2,66.07,20.62610824333333,1991.25,HIP101772,-22.353693176904194,223.86889328676443,6.40375e+06 au,-2.727190595779379,-0.2734181490692761
3.77,309.90939395,15.9120527,13.55,54.14,7.91,20.66062626333333,1991.25,HIP101958,25.036779226744276,266.9724288830417,1.52225e+07 au,-0.797544583176294,0.3539243525652464
1.25,310.3579727,45.28033423,1.01,1.56,1.55,20.690531513333333,1991.25,Deneb,43.15401592651977,295.26352030217424,2.04223e+08 au,-0.42052027053326996,0.3099013231569474
3.42,311.2398153,-66.20323826,23.71,-42.4,10.57,20.74932102,1991.25,HIP102395,-34.42455737633731,207.21278641271766,8.69949e+06 au,-3.9155440700895663,-2.1109644302969452
3.41,311.32195263,61.83679404,69.73,86.08,817.89,20.754796842,1991.25,HIP102422,49.31899467322728,317.62623041178347,2.95805e+06 au,-0.25060706262710825,0.2748452246676317
2.48,311.55180091,33.96945334,45.26,356.16,330.28,20.770120060666667,1991.25,Gienah,37.925253545634924,281.9879471730945,4.55733e+06 au,-0.5486290211937831,0.34524487157728967
3.78,311.91888574,-9.49568988,14.21,31.89,-35.32,20.794592382666668,1991.25,HIP102618,7.576101619449289,247.5281461485474,1.45155e+07 au,-1.2867495118680725,0.3898513881243201
3.67,313.70241509,-58.4540947,5.41,21.06,-24.75,20.913494339333333,1991.25,HIP103227,-28.408703194385676,213.09363714664354,3.81266e+07 au,-3.6622603709326738,-0.9213365630727525
3.94,314.29338184,41.16719384,9.17,8.51,-23.97,20.952892122666665,1991.25,HIP103413,43.6681738455181,288.39725775067507,2.24934e+07 au,-0.45870122520851875,0.3522191280044085
3.72,316.23273251,43.92785122,2.77,8.6,0.35,21.082182167333333,1991.25,HIP104060,46.24180881396166,290.86149546706946,7.44638e+07 au,-0.42356508993291647,0.3592904953549594
3.21,318.23408977,30.22708128,21.62,6.87,-68.12,21.21560598466667,1991.25,HIP104732,40.22781858460619,273.7653814353953,9.54046e+06 au,-0.5787348664557723,0.426686028291563
3.74,318.69727757,38.04432043,47.8,195.74,410.02,21.246485171333333,1991.25,HIP104887,44.99069199789388,282.2236667506133,4.31516e+06 au,-0.4826582351680337,0.4015522285744453
3.92,318.95581976,5.2480739,17.51,59.63,-94.33,21.26372131733333,1991.25,HIP104987,23.36250398280709,251.8621580414882,1.17798e+07 au,-0.9612670591017585,0.526472457072125
2.45,319.64408982,62.58545529,66.84,149.91,48.27,21.309605987999998,1991.25,Alderamin,53.25816480363195,318.03243763082185,3.08595e+06 au,-0.23029778731718134,0.3085777453176709
3.77,321.66678212,-22.41137838,8.19,-2.61,18.88,21.444452141333333,1991.25,HIP105881,3.1616960246246437,232.13806878669743,2.5185e+07 au,-1.686129534556983,0.6568608309183589
3.23,322.16489595,70.56069481,5.48,12.6,8.73,21.477659730000003,1991.25,HIP106032,53.798218765503236,331.54125572254117,3.76396e+07 au,-0.1559317050603444,0.28224894757412977
2.9,322.88966951,-5.57115593,5.33,22.79,-6.7,21.525977967333333,1991.25,HIP106278,17.431369207732043,241.3309554228561,3.86988e+07 au,-1.1774554949087634,0.6507587660383095
3.98,323.49530361,45.59206564,26.2,-24.48,-93.88,21.566353574,1991.25,HIP106481,51.6182238458417,289.8654167660593,7.8727e+06 au,-0.38438395611591836,0.4072648319217531
3.69,325.02225935,-16.66225343,23.48,187.39,-22.33,21.668150623333336,1991.25,HIP106985,9.680534851102449,232.8840473908518,8.7847e+06 au,-1.4792492957569425,0.7559927558298908
3.73,325.36863801,-77.38946215,47.22,64.83,-240.38,21.691242534,1991.25,HIP107089,-38.536209766317775,193.2384425789436,4.36817e+06 au,-3.8320775497328787,-5.219440311930217
2.38,326.04641808,9.87500791,4.85,30.02,1.38,21.736427872,1991.25,Enif,31.455831920096767,249.26866233785432,4.25288e+07 au,-0.8438885500780432,0.6325004419070902
2.85,326.75952199,-16.12656595,84.58,263.26,-296.23,21.783968132666665,1991.25,HIP107556,11.06371935869364,231.7934638233459,2.4387e+06 au,-1.4540852861792808,0.8076756596269311
3.0,328.48189202,-37.3648229,16.07,95.88,-12.1,21.898792801333332,1991.25,HIP108085,-5.87617759552345,218.83781492412368,1.28354e+07 au,-2.453161176248432,0.917105860466822
2.95,331.44593869,-0.31982656,4.3,17.9,-9.93,22.096395912666665,1991.25,HIP109074,26.71525637100078,237.23708586080787,4.79686e+07 au,-1.0007032120562922,0.8115035966726063
3.77,331.75197729,25.3450461,85.06,296.73,26.93,22.116798486,1991.25,HIP109176,46.36152033868685,258.11090813242373,2.42493e+06 au,-0.5750072465958332,0.607113118593553
1.73,332.05781838,-46.96061593,32.16,127.6,-147.91,22.137187892,1991.25,Alnair,-12.597028897225247,211.39518463718855,6.41371e+06 au,-3.328725556680034,1.0036077552422316
3.52,332.54924902,6.197789,33.77,281.96,31.23,22.169949934666665,1991.25,HIP109427,32.63434019488545,240.62840103316367,6.10793e+06 au,-0.8613873715865866,0.7753008512443609
3.39,332.71359131,58.20124992,4.49,13.35,4.49,22.180906087333334,1991.25,HIP109492,59.64582252217815,309.95278464427975,4.59387e+07 au,-0.23433413101526676,0.38831504816208445
2.87,334.62574257,-60.25949486,16.42,-71.48,-38.15,22.308382838,1991.25,HIP110130,-23.10840403924824,202.6782277630992,1.25618e+07 au,-5.4571864533997525,0.03465237610256678
3.86,335.41374983,-1.38735315,20.67,129.24,8.9,22.36091665533333,1991.25,HIP110395,28.063994625459834,232.86488446590653,9.97895e+06 au,-0.9843655588337598,0.9078560641413149
3.65,337.20750231,-0.02006304,31.53,191.32,37.47,22.480500154,1991.25,HIP110960,30.1872677385066,231.99229985894334,6.54186e+06 au,-0.9347608579221091,0.9303139900690485
3.97,337.31730866,-43.49555433,11.03,25.62,-4.23,22.48782057733333,1991.25,HIP110997,-7.75125463856874,209.87947441811394,1.87003e+07 au,-3.0066698549345157,1.4595776397434133
3.76,337.82239898,50.28244976,31.86,137.22,17.15,22.521493265333334,1991.25,HIP111169,62.119505104914744,293.27337438760185,6.4741e+06 au,-0.27973296407917736,0.46860707081547687
3.41,340.36531181,10.83139111,15.64,77.38,-10.98,22.691020787333333,1991.25,HIP112029,40.9399272649507,236.261910935592,1.31883e+07 au,-0.7023313549331467,0.8585571770835984
2.07,340.66639531,-46.88456594,19.17,135.68,-4.51,22.711093020666667,1991.25,Gruid,-9.688499134472456,206.1896695005942,1.07598e+07 au,-3.4234763002766386,1.7328680278757058
2.93,340.75053573,30.22130866,15.18,13.11,-26.11,22.716702382,1991.25,HIP112158,55.56626000909051,255.69424093212652,1.35879e+07 au,-0.44977195520548346,0.6591206633138893
3.97,341.63267663,23.56567939,8.26,56.99,-10.46,22.77551177533333,1991.25,HIP112440,51.57937330779626,246.60397353134837,2.49715e+07 au,-0.5165183062944283,0.7342426075639439
3.49,342.13832136,-51.31670354,25.16,108.47,-65.93,22.809221424,1991.25,HIP112623,-13.25181572115875,203.32539197868812,8.19812e+06 au,-4.145920303384211,1.8188998462298798
3.5,342.42046735,66.20071089,28.27,-66.1,-124.74,22.82803115666667,1991.25,HIP112724,62.19385812844207,328.14483643494435,7.29624e+06 au,-0.14282478311215863,0.3656949811838204
3.51,342.5004181,24.60168486,27.95,144.11,-43.44,22.833361206666666,1991.25,HIP112748,52.876130263386536,246.83500248818802,7.37978e+06 au,-0.49616120635210903,0.7325783166679529
3.73,343.15360192,-7.57967878,8.33,19.51,32.71,22.87690679466667,1991.25,HIP112961,26.618831159921374,221.84681729312786,2.47617e+07 au,-1.020592688122005,1.1715637074516334
3.27,343.6626635,-15.82075994,20.44,-44.08,-24.81,22.910844233333332,1991.25,HIP113136,19.465308769969816,217.36205786510948,1.00912e+07 au,-1.2421202327738077,1.3376341544369725
1.17,344.41177323,-29.62183701,130.08,329.22,-164.22,22.960784882,1991.25,Fomalhaut,7.204063654325959,210.7953357291087,1.58568e+06 au,-1.8134323215611696,1.6847330490366124
3.62,345.48019377,42.32597866,4.71,22.47,0.24,23.032012918000003,1991.25,HIP113726,65.14022436758496,272.77339963267997,4.3793e+07 au,-0.30073482063545265,0.5798279368439584
2.44,345.94305575,28.08245462,16.37,187.76,137.61,23.062870383333333,1991.25,Scheat,57.52055327324226,247.31032107394608,1.26002e+07 au,-0.4254088700914669,0.7281487483259337
2.49,346.1900702,15.20536786,23.36,61.1,-42.56,23.07933801333333,1991.25,Marchab,47.781849520060355,233.28657135286102,8.82983e+06 au,-0.5694986076304261,0.8850416352093082
3.68,347.36150879,-21.17248555,13.96,55.99,31.25,23.157433919333336,1991.25,HIP114341,16.018809568031017,211.70124616465736,1.47754e+07 au,-1.3484194557966245,1.5837161433436546
3.88,347.58928308,-45.24664747,17.63,132.42,-26.27,23.172618871999997,1991.25,HIP114421,-6.2396873512891045,202.43305397208755,1.16996e+07 au,-3.1319283337602,2.38299933462747
3.7,349.28955677,3.28224524,24.92,760.35,17.96,23.285970451333334,1991.25,HIP114971,39.080828388989836,221.24375242877593,8.27708e+06 au,-0.6962676674775511,1.1078144782260437
3.99,349.35755018,-58.23592762,45.4,-34.93,79.59,23.29050334533333,1991.25,HIP114996,-17.91119418259583,196.49088210423065,4.54328e+06 au,-6.269659762562348,2.4670035926166523
3.96,350.7429228,-20.10034505,20.14,-120.27,-96.7,23.38286152,1991.25,HIP115438,18.184586897030858,209.0420428155454,1.02416e+07 au,-1.219951941551396,1.6694287546881517
3.81,354.3904487,46.45917621,38.74,159.22,-421.46,23.626029913333333,1991.25,HIP116584,72.4043865293493,278.87272514538296,5.32434e+06 au,-0.20790202968937993,0.5837526640312551
3.21,354.83742516,77.63196681,72.5,-48.85,127.18,23.655828344,1991.25,HIP116727,57.4759365010054,350.27690911172175,2.84503e+06 au,-0.05004255082945224,0.2940533789681014
